"state_name","race_grp","Race Categories Include Hispanic Individuals","Hispanic Rescaled","value","unknown_race","unknown_eth","value_adj","pop_share_agg","pop_weighted","pop_share_agg_adj","effective_demand"
"Alabama","American Indian or Alaska Native","",,0.002,0.253,,0.00270771417669166,0.00415135410509731,4570.424,0.00431217978528639,0.627922376040688
"Alabama","Asian","",,0.015,0.253,,0.0203078563251874,0.011772585307892,15802.689,0.0122286615644081,1.66067694475199
"Alabama","Black","",,0.173,0.253,,0.234217276283828,0.235456134409805,292936.086,0.244577831092979,0.957639027368705
"Alabama","Hispanic","",,,0.253,,,0.0244680494587979,42818.634,,
"Alabama","Native Hawaiian or Other Pacific Islander","",,0.000630398,0.253,,0.000853468800779033,0.000385599427778715,428.476,0.000400537756016455,2.13080736574549
"Alabama","White","",,0.548,0.253,,0.741913684413514,0.710938646096725,737468.257,0.738480789801309,1.0046485902675
"Alaska","American Indian or Alaska Native","Yes",,0.219065961,0.144962959,0.273491163,0.335545723302376,0.130978999886907,10538.407024234,0.13837016389793,2.42498609418353
"Alaska","Asian","Yes",,0.047183438,0.144962959,0.273491163,0.0722713869344713,0.0665053665118976,5206.140494779,0.0702582740155968,1.02865303691388
"Alaska","Black","Yes",,0.014925373,0.144962959,0.273491163,0.0215715405909618,0.0247416824545366,2020.220660981,0.0261378591934643,0.825298676195933
"Alaska","Hispanic","Yes",,0.032869508,0.144962959,0.273491163,0.032869508,0.0555727642000596,4823.479339005,0.0587087433654462,0.559874153588949
"Alaska","Native Hawaiian or Other Pacific Islander","Yes",,0.006259027,0.144962959,0.273491163,0.00958701996557146,0.010589499438943,865.349999931,0.011187066432243,0.856973543836306
"Alaska","White","Yes",,0.36543091,0.144962959,0.273491163,0.52815482120662,0.658195807936432,51581.532215415,0.69533789309532,0.759565711075404
"Arizona","American Indian or Alaska Native","",,0.026,0.144,,0.0386329866270431,0.0311534450630011,44664.873675892,0.0316476135303259,1.22072353386215
"Arizona","Asian","",,0.031,0.144,,0.0460624071322437,0.0302363726878337,43631.231580576,0.0307159941845378,1.49962286278304
"Arizona","Black","",,0.019,0.144,,0.0282317979197623,0.0357242480312759,51498.165008251,0.0362909204124602,0.777930060712074
"Arizona","Hispanic","",,0.102,0.144,,0.151560178306092,0.225401527460408,339147.612561554,0.228976937086295,0.661901500800378
"Arizona","Native Hawaiian or Other Pacific Islander","",,,0.144,,,0.00134034280146975,2027.634530656,,
"Arizona","White","",,0.495,0.144,,0.735512630014859,0.661869691706337,873034.767315493,0.672368534786381,1.0939129241801
"Arkansas","American Indian or Alaska Native","Yes",,0.002,0.098,,0.00229357798165138,0.00564485117353913,2263.97397397397,0.00572836145904482,0.400389884271343
"Arkansas","Asian","Yes",,0.012,0.098,,0.0137614678899083,0.0128678386026353,5410.06006006006,0.0130582062212865,1.0538559168621
"Arkansas","Black","Yes",,0.102,0.098,,0.104832453726997,0.133709826923364,53140.5515515516,0.13568793856493,0.772599649134125
"Arkansas","Hispanic","Yes",,0.102,0.098,,0.102,0.0485400768934263,19876.2762762763,0.0492581818629319,2.07072198246842
"Arkansas","Native Hawaiian or Other Pacific Islander","Yes",,0.001,0.098,,0.00114678899082569,0.00171348548870307,666.455455455455,0.00173883490146389,0.659515742328516
"Arkansas","White","Yes",,0.755,0.098,,0.775965711410617,0.78294553125093,292038.606606607,0.794528476990343,0.976636752341412
"California","American Indian or Alaska Native","",,0.003,0.137,,0.00463678516228748,0.00393262822135435,38379.977,0.00402680800073069,1.15147907758356
"California","Asian","",,0.118,0.137,,0.182380216383308,0.157851358890158,1624246.749,0.161631631348613,1.12836958249801
"California","Black","",,0.03,0.137,,0.0463678516228748,0.0539921649653093,563809.479,0.0552851857896201,0.838703008059357
"California","Hispanic","",,0.195,0.137,,0.301391035548686,0.319076143912075,3773118.039,0.326717476666266,0.922482135403333
"California","Native Hawaiian or Other Pacific Islander","",,0.004,0.137,,0.00618238021638331,0.00337256933015437,37297.001,0.00345333664848886,1.79026282279448
"California","White","",,0.297,0.137,,0.459041731066461,0.438386937538387,4025148.515,0.448885561546281,1.0226252978269
"Colorado","American Indian or Alaska Native","",,0.0046,0.12,,0.00534572922719349,0.00543815450743497,3027.05780173705,0.00553168718012943,0.966383140101645
"Colorado","Asian","",,0.0229,0.12,,0.0266124346310285,0.0299640126649256,19307.8781072177,0.0304793739304743,0.873129306780822
"Colorado","Black","",,0.0244,0.12,,0.0283556072051133,0.0339215255895089,21569.540481182,0.0345049534685665,0.821783667407198
"Colorado","Hispanic","",,0.0816,0.12,,0.094828588030215,0.160566087844693,105413.800838574,0.163327718710398,0.580603150395792
"Colorado","Native Hawaiian or Other Pacific Islander","",,0.0019,0.12,,0.00220801859384079,0.00101352422008878,730.037336527903,0.00103095616855877,2.14171917408234
"Colorado","White","",,0.7251,0.12,,0.842649622312609,0.752188169862944,446843.445742238,0.765125310541873,1.10132237256121
"Connecticut","American Indian or Alaska Native","",,0.002,0.069238583,,0.00233918128654971,0.00173596129174793,694.381,0.00175826194331538,1.33039408345434
"Connecticut","Asian","",,0.027,0.069238583,,0.0315789473684211,0.0363778556260783,15111.675,0.0368451758865845,0.857071424102473
"Connecticut","Black","",,0.056,0.069238583,,0.0654970760233918,0.0828031825344436,34091.466,0.0838668957238762,0.780964592263373
"Connecticut","Hispanic","",,0.069,0.069238583,,0.0807017543859649,0.106559027407208,44586.637,0.107927914923808,0.747737547259545
"Connecticut","Native Hawaiian or Other Pacific Islander","",,,0.069238583,,,0.000139335174386008,59.959,,
"Connecticut","White","",,0.701,0.069238583,,0.819883040935672,0.759840623169697,296645.297,0.769601751522416,1.0653341670725
"Delaware","American Indian or Alaska Native","Yes",,,0.09,0.21,,0.00355856439447063,661.646464646465,,
"Delaware","Asian","Yes",,0.03,0.09,0.21,0.037037037037037,0.0336189964130755,6218.51515151515,0.0341261718853457,1.08529714851906
"Delaware","Black","Yes",,0.1,0.09,0.21,0.119610636277303,0.180893326674482,33694.202020202,0.183622279593224,0.651395007960225
"Delaware","Hispanic","Yes",,0.03,0.09,0.21,0.03,0.0543649475511546,10070.1212121212,0.0551850960056301,0.543625039574803
"Delaware","Native Hawaiian or Other Pacific Islander","Yes",,,0.09,0.21,,9.78149822952322e-05,19.2929292929293,,
"Delaware","White","Yes",,0.68,0.09,0.21,0.81335232668566,0.71626095482724,133427.060606061,0.7270664525158,1.11867673700429
"District of Columbia","American Indian or Alaska Native","Yes",,,0.095682262,0.298730077,,0.0024390573335099,541.690332824,,
"District of Columbia","Asian","Yes",,,0.095682262,0.298730077,,0.0382284047517403,7650.403182244,,
"District of Columbia","Black","Yes",,0.325836493,0.095682262,0.298730077,0.443363911131799,0.469560303787798,73371.24734087,0.500304641472726,0.88618788309996
"District of Columbia","Hispanic","Yes",,0.054330622,0.095682262,0.298730077,0.054330622,0.0878551023046461,17357.84054235,0.0936073920761822,0.580409525305257
"District of Columbia","Native Hawaiian or Other Pacific Islander","Yes",,,0.095682262,0.298730077,,0.000103550249073825,31.948047696,,
"District of Columbia","White","Yes",,0.369153753,0.095682262,0.298730077,0.502305466868201,0.381133359726663,72230.552943266,0.406087966451092,1.23693758093346
"Florida","American Indian or Alaska Native","Yes",,0.003672506,0.154591143,0.350151573,0.00492845701110373,0.00192330400974116,4743.385952684,0.00199562134980733,2.46963534018092
"Florida","Asian","Yes",,,0.154591143,0.350151573,,0.0244339186488851,57789.72471429,,
"Florida","Black","Yes",,0.064054267,0.154591143,0.350151573,0.0749232373046058,0.112273289979059,267622.650582478,0.116494830437894,0.643146455709457
"Florida","Hispanic","Yes",,0.127761618,0.154591143,0.350151573,0.127761618,0.201739013153074,472850.409940214,0.209324516404204,0.610351908102791
"Florida","Native Hawaiian or Other Pacific Islander","Yes",,,0.154591143,0.350151573,,0.000421000814499688,1039.335195046,,
"Florida","White","Yes",,0.677436671,0.154591143,0.350151573,0.792386687684291,0.647826386047292,1420684.11766465,0.672185031808094,1.17882227391001
"Georgia","American Indian or Alaska Native","Yes",1,,0.07,0.26,,0.00204526886589819,2802.85385385385,,
"Georgia","Asian","Yes",1,0.05,0.07,0.26,0.0537634408602151,0.0377849850214278,52145.1401401401,0.0383693604961857,1.40120763455413
"Georgia","Black","Yes",1,0.23,0.07,0.26,0.23947091886608,0.284809675991411,389092.179179179,0.289214488896027,0.82800457121002
"Georgia","Hispanic","Yes",1,0.03,0.07,0.26,0.03,0.0639694177876716,91984.3123123123,0.0649587567769144,0.461831498762021
"Georgia","Native Hawaiian or Other Pacific Islander","Yes",1,,0.07,0.26,,0.000428402529297276,540.820820820821,,
"Georgia","White","Yes",1,0.65,0.07,0.26,0.676765640273705,0.598205657593299,750708.085085085,0.607457393830873,1.11409565040561
"Hawaii","American Indian or Alaska Native","",,,,,,0.00164741073100404,345.298298298298,,
"Hawaii","Asian","",,,,,,0.452166008609771,80568.005005005,,
"Hawaii","Black","",,,,,,0.0138092376576144,2709.79379379379,,
"Hawaii","Hispanic","",,,,,,0.0667813902647189,12767.984984985,,
"Hawaii","Native Hawaiian or Other Pacific Islander","",,,,,,0.0837951295330607,15598.5485485485,,
"Hawaii","White","",,,,,,0.24117423674919,43818.3303303303,,
"Idaho","American Indian or Alaska Native","Yes",,0.007672836,0.268859813,0.378484327,0.00890404000340531,0.00891769055849507,1625.492506891,0.00908032527244271,0.980586018259456
"Idaho","Asian","Yes",,0.015033972,0.268859813,0.378484327,0.0174463637823192,0.0116922077948467,2263.820605353,0.0119054422480561,1.46541081119166
"Idaho","Black","Yes",,0.004181176,0.268859813,0.378484327,0.00465163370171066,0.00284478574453871,603.886195593,0.00289666699257827,1.60585725374332
"Idaho","Hispanic","Yes",,0.040026298,0.268859813,0.378484327,0.040026298,0.0802338276658204,15930.252163599,0.081697077094107,0.489935496148701
"Idaho","Native Hawaiian or Other Pacific Islander","Yes",,0.004174879,0.268859813,0.378484327,0.00484479136858611,0.000410631718737337,90.889320066,0.000418120537919457,11.5870686302412
"Idaho","White","Yes",,0.830662376,0.268859813,0.378484327,0.924126873143979,0.877990186021957,154174.976407387,0.894002367854897,1.03369622539296
"Illinois","American Indian or Alaska Native","",,0.002713583,0.0503,,0.0027652304873487,0.000775497694142815,4666.645,0.000786136404245521,3.51749451165866
"Illinois","Asian","",,0.05830316,0.0503,,0.0594128410816139,0.0552627171760362,324800.395,0.0560208419673336,1.06054887779549
"Illinois","Black","",,0.092440815,0.0503,,0.0942002363345292,0.128667345226262,737688.509,0.130432475665573,0.722214585392501
"Illinois","Hispanic","",,0.107966051,0.0503,,0.110020963362405,0.136566090840377,905726.037,0.138439580679592,0.794721876665029
"Illinois","Native Hawaiian or Other Pacific Islander","",,0.001891554,0.0503,,0.00192755585116297,0.000190161789620087,1392.863,0.000192770535162027,9.99922446416841
"Illinois","White","",,0.718007375,0.0503,,0.731673172882941,0.665005281221569,3450105.732,0.674128194748094,1.08536206997891
"Indiana","American Indian or Alaska Native","Yes",,,0.037,0.073,,0.00200849256865172,777.85985985986,,
"Indiana","Asian","Yes",,0.02,0.037,0.073,0.0214362272240086,0.017267057563368,6416.06206206206,0.0174659791152899,1.227313228907
"Indiana","Black","Yes",,0.054,0.037,0.073,0.0561625889703215,0.0757189237247882,27531.1881881882,0.0765912278658914,0.733277041447361
"Indiana","Hispanic","Yes",,0.029,0.037,0.073,0.029,0.0398306200075264,15382.2562562563,0.0402894803962656,0.719790866369376
"Indiana","Native Hawaiian or Other Pacific Islander","Yes",,,0.037,0.073,,0.000368740670894362,130.157157157157,,
"Indiana","White","Yes",,0.859,0.037,0.073,0.89340118380567,0.855794311919725,297328.48048048,0.865653312622553,1.03205425402815
"Iowa","American Indian or Alaska Native","Yes",,0.0016,0.1587,0.2051,0.00194198325039447,0.00293893616312329,1121.5067,0.00296694119039852,0.654540527017867
"Iowa","Asian","Yes",,0.0153,0.1587,0.2051,0.0185702148318971,0.0210268019196835,7957.2142,0.0212271656324651,0.874832521375136
"Iowa","Black","Yes",,0.0136,0.1587,0.2051,0.0161221429881544,0.0288586211732232,10705.407,0.0291336140373835,0.553386303788707
"Iowa","Hispanic","Yes",,0.0228,0.1587,0.2051,0.0228,0.0407226784836362,15787.6676,0.041110723564698,0.554599822698779
"Iowa","Native Hawaiian or Other Pacific Islander","Yes",,0.001,0.1587,0.2051,0.00121373953149654,0.000283646269003575,107.822,0.00028634912509131,4.23867029839713
"Iowa","White","Yes",,0.7924,0.1587,0.2051,0.939351919398058,0.896730292607296,315025.3774,0.905275206449964,1.03764237958281
"Kansas","American Indian or Alaska Native","Yes",,0.002905509,0.127225115,0.191345824,0.00397366857190048,0.00698942651563021,2010.65909395734,0.00712041353022521,0.55806710593883
"Kansas","Asian","Yes",,0.01830221,0.127225115,0.191345824,0.0250306974348806,0.0237878846260695,7568.81470689518,0.0242336871513169,1.03288852738699
"Kansas","Black","Yes",,0.026839168,0.127225115,0.191345824,0.0341972302772064,0.0496460566032257,14627.0906649909,0.0505764603675873,0.676149141886611
"Kansas","Hispanic","Yes",,0.066324157,0.127225115,0.191345824,0.066324157,0.078154753575936,24582.2558276927,0.0796194313752414,0.833014703250245
"Kansas","Native Hawaiian or Other Pacific Islander","Yes",,0.000471366,0.127225115,0.191345824,0.00064465546658518,0.000253796620661279,89.2337497367662,0.000258552956761298,2.49332080615245
"Kansas","White","Yes",,0.68267232,0.127225115,0.191345824,0.869829591249427,0.822772097887195,228194.17124275,0.838191454618868,1.03774571603685
"Kentucky","American Indian or Alaska Native","",,0.001039777,0.070963332,,0.00121693555217215,0.00133786122725916,706.965980933966,0.00138428497342163,0.879107680526341
"Kentucky","Asian","",,0.011825337,0.070963332,,0.0138401532364313,0.0127162864024587,6775.80573821781,0.0131575411754118,1.05187991068538
"Kentucky","Black","",,0.046220368,0.070963332,,0.0540954541730392,0.0722147684622965,38488.6069917346,0.0747206188539272,0.723969568276616
"Kentucky","Hispanic","",,,0.070963332,,,0.0230559954969057,12260.3893492914,,
"Kentucky","Native Hawaiian or Other Pacific Islander","",,0.000672987,0.070963332,,0.00078765139683767,0.000530245124998105,279.915399938915,0.000548644615606878,1.43563132569235
"Kentucky","White","",,0.794663935,0.070963332,,0.93005980564152,0.879664574896718,464623.033520853,0.910188910381633,1.02183161652844
"Louisiana","American Indian or Alaska Native","",,0.0025,0.016,,0.00274122807017544,0.00414498557501472,2304.76665333067,0.00436327477614935,0.628250158610138
"Louisiana","Asian","",,0.0233,0.016,,0.0255482456140351,0.0148682484369419,8280.81546309262,0.0156512615535942,1.63234417408149
"Louisiana","Black","",,0.271,0.016,,0.297149122807018,0.282686658510071,155214.110722144,0.297573910525987,0.998572496768221
"Louisiana","Hispanic","",,,0.016,,,0.0382506715538155,21336.5183036607,,
"Louisiana","Native Hawaiian or Other Pacific Islander","",,0.0018,0.016,,0.00197368421052632,0.000122081162489803,65.000400080016,0.000128510376524737,15.3581700085238
"Louisiana","White","",,0.6134,0.016,,0.672587719298246,0.648149272149497,348177.00240048,0.682283042767745,0.985789880648111
"Maine","American Indian or Alaska Native","",,0.002187871,0.350876905,,0.0033705024828465,0.00672411290440315,1057.19222659681,0.00678528121754224,0.496737331112027
"Maine","Asian","",,0.005251828,0.350876905,,0.00809065036900382,0.00845378076276681,1403.96981360703,0.00853068362211165,0.948417586139608
"Maine","Black","",,0.004598277,0.350876905,,0.0070838290033169,0.00683481757623806,1156.9046666051,0.00689699295426868,1.02708949397035
"Maine","Hispanic","",,0.006722902,0.350876905,,0.0103568985022123,0.00990409917715231,1495.27464546173,0.0099941953799439,1.03629137799289
"Maine","Native Hawaiian or Other Pacific Islander","",,0.00041696,0.350876905,,0.000642343499798515,0.000292375615063178,37.7733984402266,0.000295035315075757,2.17717495830484
"Maine","White","",,0.629945256,0.350876905,,0.970455776142822,0.958775960905531,148013.326659974,0.967497811511058,1.00305733470047
"Maryland","American Indian or Alaska Native","Yes",,0.006845735,0.050641596,0.056280277,0.0076393035366815,0.00262123212905328,1644.85694331514,0.00267381156268446,2.85708373891979
"Maryland","Asian","Yes",,0.065721959,0.050641596,0.056280277,0.0733405534725397,0.0635546665397532,42300.8333393092,0.0648295129504318,1.13128342532228
"Maryland","Black","Yes",,0.218519686,0.050641596,0.056280277,0.230959854106708,0.278977768218013,186072.48767924,0.28457379799577,0.811599155415361
"Maryland","Hispanic","Yes",,0.048461759,0.050641596,0.056280277,0.048461759,0.074976397906293,53185.6288644804,0.0764803534293176,0.633649778368086
"Maryland","Native Hawaiian or Other Pacific Islander","Yes",,0.002059912,0.050641596,0.056280277,0.00229870028957485,0.0002602031753966,197.484961654515,0.000265422604625987,8.66052947078112
"Maryland","White","Yes",,0.602973011,0.050641596,0.056280277,0.637299829594495,0.559945132489406,349046.156442814,0.57117710145717,1.11576571954414
"Massachusetts","American Indian or Alaska Native","",,9e-04,0.12,,0.00104481077315997,0.00216652868067793,2037.55882352941,0.0022084006433695,0.473107439221643
"Massachusetts","Asian","",,0.04,0.12,,0.0464360343626654,0.057877491338935,70108.431372549,0.0589960752652123,0.787103788750621
"Massachusetts","Black","",,0.05,0.12,,0.0580450429533318,0.0592609168905111,68184.1274509804,0.0604062379394487,0.960911404737972
"Massachusetts","Hispanic","",,0.05,0.12,,0.0580450429533318,0.0859335369255693,105821.421568627,0.0875943530893211,0.662657362103497
"Massachusetts","Native Hawaiian or Other Pacific Islander","",,5e-04,0.12,,0.000580450429533318,0.0003842846863186,382.254901960784,0.000391711661180265,1.48183086453021
"Massachusetts","White","",,0.72,0.12,,0.835848618527978,0.775416930622582,795489.970588235,0.790403221401468,1.05749647255477
"Michigan","American Indian or Alaska Native","",,0.0036,0.288,,0.00547029326850023,0.00456548593603428,6421.60073045,0.00463594589531228,1.17997349236358
"Michigan","Asian","",,0.0374,0.288,,0.0568302689560857,0.0269297097234749,35999.026929186,0.0273453207399295,2.07824473870963
"Michigan","Black","",,0.0557,0.288,,0.0846375930709619,0.115291065876611,153689.327596492,0.11707037347291,0.722963381427558
"Michigan","Hispanic","",,0.0145,0.288,,0.0220331256647926,0.0331203092423266,45111.976113258,0.0336314608860256,0.655134361824516
"Michigan","Native Hawaiian or Other Pacific Islander","",,,0.288,,,0.000145450802060065,270.241176365,,
"Michigan","White","",,0.5469,0.288,,0.83102871903966,0.804894813692144,1047929.90780623,0.817316899005823,1.01677662611713
"Minnesota","American Indian or Alaska Native","",,0.007,0.17,,0.00701402805611222,0.0071594804275774,10475.6477845586,0.00727310309212858,0.964379023267696
"Minnesota","Asian","",,0.033,0.17,,0.0330661322645291,0.039072737166624,64835.5128515635,0.0396928308386563,0.833050492138908
"Minnesota","Black","",,0.036,0.17,,0.0360721442885771,0.0434736530495275,72128.4894766515,0.0441635903078562,0.81678468704933
"Minnesota","Hispanic","",,0.02,0.17,,0.0200400801603206,0.0334914073829295,59603.6884578437,0.0340229240180976,0.589016986008048
"Minnesota","Native Hawaiian or Other Pacific Islander","",,,0.17,,,0.000308763747851498,648.72977348573,,
"Minnesota","White","",,0.902,0.17,,0.903807615230461,0.861180412882996,1135209.56271981,0.874847551743261,1.0331029828334
"Mississippi","American Indian or Alaska Native","Yes",,0.001480133,0.085071051,0.090663209,0.00158323589418784,0.00327366450801505,1275.87454422987,0.00329915017442144,0.47989203597423
"Mississippi","Asian","Yes",,0.016640239,0.085071051,0.090663209,0.0177993624036924,0.00852385248247245,3698.31238743831,0.00859021116410698,2.07205178821035
"Mississippi","Black","Yes",,0.321021404,0.085071051,0.090663209,0.337787913543191,0.331284272250159,135079.368300557,0.333863339356022,1.01175503184848
"Mississippi","Hispanic","Yes",,0.015965653,0.085071051,0.090663209,0.015965653,0.0184547790954282,7719.00688815801,0.0185984506116995,0.858439949291082
"Mississippi","Native Hawaiian or Other Pacific Islander","Yes",,0.000730218,0.085071051,0.090663209,0.000781083421680387,5.0126853248776e-05,20.2238470032238,5.0517093683241e-05,15.4617648152532
"Mississippi","White","Yes",,0.595006381,0.085071051,0.090663209,0.626082751737248,0.630688386253168,239721.441568967,0.635598331600067,0.985028941408855
"Missouri","American Indian or Alaska Native","Yes",,0.001228142,0.219065681,0.23025535,0.00168796722277395,0.00350961518462271,2335.51040980151,0.0035544776203647,0.474884751869885
"Missouri","Asian","Yes",,0.015490753,0.219065681,0.23025535,0.0212906026502532,0.0178642542050031,12294.6695391347,0.0180926080028389,1.17675697427991
"Missouri","Black","Yes",,0.053607765,0.219065681,0.23025535,0.0706333738975959,0.0971863984219756,63694.5201835605,0.0984287051493072,0.717609500099099
"Missouri","Hispanic","Yes",,0.040272582,0.219065681,0.23025535,0.040272582,0.0277504757531367,19014.8435327608,0.0281052023740892,1.43292268327974
"Missouri","Native Hawaiian or Other Pacific Islander","Yes",,0.001983773,0.219065681,0.23025535,0.0027265119191624,0.000837952727425831,536.41975015042,0.00084866404431142,3.21271053892075
"Missouri","White","Yes",,0.65527597,0.219065681,0.23025535,0.863388962310215,0.840229917238847,519706.426210088,0.850970342809089,1.01459348096684
"Montana","American Indian or Alaska Native","",,,,,,0.0443190585165387,6575.75575575576,,
"Montana","Asian","",,,,,,0.00669973425456062,878.63963963964,,
"Montana","Black","",,,,,,0.00314607380232448,448.377377377377,,
"Montana","Hispanic","",,,,,,0.0276034558019982,3819.06606606607,,
"Montana","Native Hawaiian or Other Pacific Islander","",,,,,,0.000671850348333018,85.945945945946,,
"Montana","White","",,,,,,0.898667406362166,125978.236236236,,
"Nebraska","American Indian or Alaska Native","Yes",,0.004099097,0.034202294,0.066959117,0.00445250704376137,0.00606276145243098,1417.035953961,0.00612580052627153,0.72684492821241
"Nebraska","Asian","Yes",,0.021139118,0.034202294,0.066959117,0.0229616600421758,0.0206815765127222,5033.18012818,0.0208966183610868,1.09882181152021
"Nebraska","Black","Yes",,0.028048254,0.034202294,0.066959117,0.0288018016661848,0.0369878543380212,8646.300962142,0.0373724447757471,0.770669455504175
"Nebraska","Hispanic","Yes",,0.053092302,0.034202294,0.066959117,0.053092302,0.069174658244704,17374.192728732,0.0698939190012416,0.759612606628295
"Nebraska","Native Hawaiian or Other Pacific Islander","Yes",,0.000832404,0.034202294,0.066959117,0.000904171009677288,0.000137668529008758,41.325225964,0.000139099971864261,6.50015235488048
"Nebraska","White","Yes",,0.866507857,0.034202294,0.066959117,0.889787558238201,0.856664732216852,172173.793284369,0.865572117363789,1.02797622565311
"Nevada","American Indian or Alaska Native","",,0.006,,,0.00708382526564345,0.00859598918008825,3183.20920920921,0.00885933102585718,0.799589183987857
"Nevada","Asian","",,0.114,,,0.134592680047226,0.0920255243228956,33770.7367367367,0.0948447660559101,1.41908389512906
"Nevada","Black","",,0.055,,,0.0649350649350649,0.081241387343066,30333.4024024024,0.083730252376227,0.775526922375568
"Nevada","Hispanic","",,0.177,,,0.208972845336482,0.214786292560951,81330.7977977978,0.221366363515424,0.94401354396338
"Nevada","Native Hawaiian or Other Pacific Islander","",,,,,,0.00504175368622774,1878.22622622623,,
"Nevada","White","",,0.495,,,0.584415584415584,0.573626006266616,207509.411411411,0.591199287026581,0.988525523017601
"New Hampshire","American Indian or Alaska Native","",,,,,,0.000938353604940477,181.855855855856,,
"New Hampshire","Asian","",,,,,,0.0223438950233821,4249.53853853854,,
"New Hampshire","Black","",,,,,,0.0098906867142645,1756.4034034034,,
"New Hampshire","Hispanic","",,,,,,0.0253655765284507,4924.26026026026,,
"New Hampshire","Native Hawaiian or Other Pacific Islander","",,,,,,0.000602156634117348,102.097097097097,,
"New Hampshire","White","",,,,,,0.929857312381575,174539.552552553,,
"New Jersey","American Indian or Alaska Native","",,,0.1,,,0.000947755599895436,1441.62626262626,,
"New Jersey","Asian","",,0.08,0.1,,0.1,0.0907814468129803,149722.838383838,0.0921692084738803,1.0849610369426
"New Jersey","Black","",,0.05,0.1,,0.0625,0.1159617638446,183014.565656566,0.117734453040944,0.530855653427671
"New Jersey","Hispanic","",,0.08,0.1,,0.1,0.164460582198942,276749.323232323,0.166974665183047,0.598893250604062
"New Jersey","Native Hawaiian or Other Pacific Islander","",,,0.1,,,0.000314275223438246,496,,
"New Jersey","White","",,0.59,0.1,,0.7375,0.613739533837085,883173.050505051,0.623121673302128,1.18355697065028
"New Mexico","American Indian or Alaska Native","",,0.08780679,0.085965798,,0.0983967100396865,0.0757746310296135,63235.62150028,0.0768503516846575,1.28036772614185
"New Mexico","Asian","",,0.021766223,0.085965798,,0.0243913338955923,0.0159666289607182,13546.691834708,0.0161932962810481,1.5062612004536
"New Mexico","Black","",,0.013578467,0.085965798,,0.0152160952493816,0.0179131771110582,13869.561341016,0.0181674782452768,0.837545808171674
"New Mexico","Hispanic","",,0.352342758,0.085965798,,0.394836984628517,0.436496788707909,352401.218602694,0.442693435330839,0.891897085244651
"New Mexico","Native Hawaiian or Other Pacific Islander","",,,0.085965798,,,0.000347368985325405,304.060943018,,
"New Mexico","White","",,0.416881025,0.085965798,,0.467158876186822,0.439851171948645,271663.50284002,0.446095438458178,1.04721733493049
"New York","American Indian or Alaska Native","Yes",1,,0.233858373,0.242928899,,0.00217824172425661,5601.3013013013,,
"New York","Asian","Yes",1,0.118,0.233858373,0.242928899,0.119554204660588,0.0828879341569505,214158.611611612,0.0845947485139977,1.41325799486011
"New York","Black","Yes",1,0.102,0.233858373,0.242928899,0.0884366756324742,0.131273492099827,338812.145145145,0.133976653703438,0.660090196223529
"New York","Hispanic","Yes",1,0.127,0.233858373,0.242928899,0.127,0.157289756669272,411670.088088088,0.160528640803979,0.791136082408368
"New York","Native Hawaiian or Other Pacific Islander","Yes",1,,0.233858373,0.242928899,,0.000132321993987971,322.059059059059,,
"New York","White","Yes",1,0.767,0.233858373,0.242928899,0.665009119706938,0.60837245403689,1497719.63763764,0.620899956978585,1.07104069219621
"North Carolina","American Indian or Alaska Native","Yes",,0.008,0.016,0.031,0.00852878464818763,0.0098988412537613,18739.9308617234,0.0100348673739585,0.849915034285423
"North Carolina","Asian","Yes",,0.033,0.016,0.031,0.035181236673774,0.0242127918743877,53285.6472945892,0.0245455148723006,1.43330611954185
"North Carolina","Black","Yes",,0.171,0.016,0.031,0.17277099927976,0.192616302546508,362921.410821643,0.195263162684019,0.884811025822332
"North Carolina","Hispanic","Yes",,0.05,0.016,0.031,0.05,0.0560380370861713,132581.24248497,0.056808090527063,0.880156321680629
"North Carolina","Native Hawaiian or Other Pacific Islander","Yes",,,0.016,0.031,,0.000395782348753628,969.802605210421,,
"North Carolina","White","Yes",,0.726,0.016,0.031,0.733518979398279,0.703678679158516,1189371.53907816,0.713348364542659,1.02827596705651
"North Dakota","American Indian or Alaska Native","Yes",,,,,,0.0374752692775238,3233.874111733,,
"North Dakota","Asian","Yes",,,,,,0.0116599280135965,1159.100705576,,
"North Dakota","Black","Yes",,,,,,0.018527960424153,1793.988235097,,
"North Dakota","Hispanic","Yes",,,,,,0.0227038147633963,2327.48093503,,
"North Dakota","Native Hawaiian or Other Pacific Islander","Yes",,,,,,0.00247282515004272,223.416109833,,
"North Dakota","White","Yes",,,,,,0.89398454161821,69556.588785186,,
"Ohio","American Indian or Alaska Native","Yes",,0.00191848,0.056998262,0.206642093,0.00214512406801844,0.00144611240283648,1525.524846697,0.00146383513530968,1.46541370423154
"Ohio","Asian","Yes",,0.021813822,0.056998262,0.206642093,0.0243908482692913,0.019318893775598,21284.203344918,0.0195556551679984,1.24725293321829
"Ohio","Black","Yes",,0.067966868,0.056998262,0.206642093,0.0745519892417383,0.104403564471201,107572.860631752,0.105683075274609,0.705429786633491
"Ohio","Hispanic","Yes",,0.018486665,0.056998262,0.206642093,0.018486665,0.0253167416215783,29208.732588148,0.0256270092314627,0.721374267009808
"Ohio","Native Hawaiian or Other Pacific Islander","Yes",,0.00065504,0.056998262,0.206642093,0.000732424664064674,0.000435740021449366,364.684420756,0.000441080203729017,1.66052490651938
"Ohio","White","Yes",,0.801990331,0.056998262,0.206642093,0.879692948756887,0.836971892721635,793310.074533441,0.847229344986892,1.03831737411137
"Oklahoma","American Indian or Alaska Native","Yes",,0.047069392,0.250034531,0.303962356,0.0651507591222425,0.0665236121395868,46548.602196364,0.0702904636552421,0.926879063450077
"Oklahoma","Asian","Yes",,0.030818258,0.250034531,0.303962356,0.0426568693201969,0.0202708733971117,14461.045523458,0.0214186969701815,1.99157163386655
"Oklahoma","Black","Yes",,0.043705793,0.250034531,0.303962356,0.0569511941751729,0.0608876250627916,42635.719659372,0.064335342878703,0.885224071666921
"Oklahoma","Hispanic","Yes",,0.052265561,0.250034531,0.303962356,0.052265561,0.0728061238122051,54002.967159772,0.0769287180161328,0.679402469556809
"Oklahoma","Native Hawaiian or Other Pacific Islander","Yes",,,0.250034531,0.303962356,,0.00096066474901336,741.061362778,,
"Oklahoma","White","Yes",,0.600875376,0.250034531,0.303962356,0.782975616382388,0.725921970902487,486397.955734004,0.767026778479741,1.02079306531417
"Oregon","American Indian or Alaska Native","",,0.02,0.1,,0.0238095238095238,0.00899771185749057,3393.92929292929,0.00922766364098511,2.58023317015725
"Oregon","Asian","",,0.04,0.1,,0.0476190476190476,0.0421233872759273,17207.3838383838,0.0431999218643146,1.10229476267603
"Oregon","Black","",,0.01,0.1,,0.0119047619047619,0.0139738154601238,5819.22222222222,0.0143309400089171,0.830703491700783
"Oregon","Hispanic","",,0.05,0.1,,0.0595238095238095,0.0840512537934917,38285.1919191919,0.0861993261057514,0.690536831468779
"Oregon","Native Hawaiian or Other Pacific Islander","",,0.01,0.1,,0.0119047619047619,0.00218302351473378,915.767676767677,0.00223881438229814,5.31744033756907
"Oregon","White","",,0.71,0.1,,0.845238095238095,0.823750980887237,282624.787878788,0.844803333997734,1.00051463011906
"Pennsylvania","American Indian or Alaska Native","Yes",,0.000165217,0.149967621,0.31775553,0.000216183011964512,0.00124684009185123,915.432618166,0.00126042778345129,0.171515587646411
"Pennsylvania","Asian","Yes",,0.010739499,0.149967621,0.31775553,0.0140524113185075,0.0292389838436586,21624.475825382,0.0295576215725569,0.475424292310267
"Pennsylvania","Black","Yes",,0.053194122,0.149967621,0.31775553,0.0677321390153656,0.0859179818664003,62653.207877858,0.0868542904180181,0.779836421314134
"Pennsylvania","Hispanic","Yes",,0.026453426,0.149967621,0.31775553,0.026453426,0.0480048609573681,35999.525577786,0.0485280036203731,0.545116716668194
"Pennsylvania","Native Hawaiian or Other Pacific Islander","Yes",,0.001354157,0.149967621,0.31775553,0.00177188630063993,0.000114721876175355,91.398117056,0.000115972080979835,15.2785591641494
"Pennsylvania","White","Yes",,0.698792995,0.149967621,0.31775553,0.889773954353522,0.824696389142807,582387.991227285,0.833683684524621,1.067280037825
"Rhode Island","American Indian or Alaska Native","",,0.0027,0.1,,0.00316901408450704,0.00262107100090705,351.888588317804,0.00267752534913552,1.18356081503774
"Rhode Island","Asian","",,0.0179,0.1,,0.0210093896713615,0.0292109452760322,4088.57849914838,0.0298401097954692,0.704065427887651
"Rhode Island","Black","",,0.03,0.1,,0.0352112676056338,0.0465247102126383,6241.34154894299,0.0475267899696018,0.74087199299921
"Rhode Island","Hispanic","",,0.08,0.1,,0.0938967136150235,0.108115067488011,15184.2445646729,0.11044372080057,0.850177021693923
"Rhode Island","Native Hawaiian or Other Pacific Islander","",,0.0014,0.1,,0.00164319248826291,0.000134752757431541,19.5371205290051,0.00013765515080057,11.9370214532946
"Rhode Island","White","",,0.72,0.1,,0.845070422535211,0.792308928987105,96850.0360685302,0.809374198934423,1.04410348593739
"South Carolina","American Indian or Alaska Native","",,,0.117079695,,,0.00351182453424541,2722.829306143,,
"South Carolina","Asian","",,0.012587848,0.117079695,,0.0166157211171443,0.0136620501683172,10134.32070337,0.0138496861318558,1.19971824335617
"South Carolina","Black","",,0.153217548,0.117079695,,0.202244263500852,0.232467925492784,177439.861036086,0.235660663233772,0.85820119796671
"South Carolina","Hispanic","",,0.022906519,0.117079695,,0.030236171541678,0.0334488165728726,23631.948447697,0.0339082059653542,0.891706614398056
"South Carolina","Native Hawaiian or Other Pacific Islander","",,,0.117079695,,,0.000754862712794782,486.205941269,,
"South Carolina","White","",,0.568874705,0.117079695,,0.750903843840325,0.706873177741938,560464.21301141,0.716581444669018,1.04789741546707
"South Dakota","American Indian or Alaska Native","",,0.014,0.088,,0.0156599552572707,0.0577817586406673,5680.544840158,0.058581725726489,0.26731809387769
"South Dakota","Asian","",,0.002,0.088,,0.00223713646532438,0.0115406889291055,1152.579990522,0.011700465500608,0.191200637718913
"South Dakota","Black","",,0.006,0.088,,0.00671140939597315,0.0167016101710177,1631.31565892,0.0169328377890645,0.396354673657093
"South Dakota","Hispanic","",,0.002,0.088,,0.00223713646532438,0.0258362734590887,2367.83488427,0.0261939671131723,0.0854065539465147
"South Dakota","Native Hawaiian or Other Pacific Islander","",,,0.088,,,0.000524338580601747,56.009973525,,
"South Dakota","White","",,0.87,0.088,,0.973154362416107,0.874484094883492,83232.639035547,0.886591003870666,1.09763617966743
"Tennessee","American Indian or Alaska Native","Yes",,,0.074,0.1352,,0.00231021340923038,1868.518,,
"Tennessee","Asian","Yes",,0.0155,0.074,0.1352,0.0190067443286327,0.0157745040916366,11872.3832,0.0159957559641145,1.18823670299004
"Tennessee","Black","Yes",,0.0968,0.074,0.1352,0.115469483936235,0.14201426431639,105554.2456,0.144006144486825,0.801837201792451
"Tennessee","Hispanic","Yes",,0.0267,0.074,0.1352,0.0267,0.0317892221784254,25343.1261,0.0322350951447472,0.828289784165594
"Tennessee","Native Hawaiian or Other Pacific Islander","Yes",,,0.074,0.1352,,0.000258252736115083,170.9038,,
"Tennessee","White","Yes",,0.7032,0.074,0.1352,0.838823771735132,0.796590098438269,551147.2509,0.807763004404313,1.03845282237669
"Texas","American Indian or Alaska Native","",,,0.1413,,,0.00325970398839756,17940.355094734,,
"Texas","Asian","",,0.0631,0.1413,,0.080918184149782,0.0483852162972834,278181.26237998,0.0491210645936531,1.64732146624195
"Texas","Black","",,0.0679,0.1413,,0.0870736086175943,0.117939200686792,664616.34542799,0.119732834497735,0.727232500448668
"Texas","Hispanic","",,0.2402,0.1413,,0.308027699410105,0.318478729931256,1884658.31000454,0.323322193467929,0.952695811277981
"Texas","Native Hawaiian or Other Pacific Islander","",,,0.1413,,,0.000722406182044664,4158.630722544,,
"Texas","White","",,0.4086,0.1413,,0.523980507822519,0.500216552831468,2632907.92187069,0.507823907440683,1.03181535990155
"Utah","American Indian or Alaska Native","",,0.01,0.098,,0.0112485939257593,0.00910872730419719,3415.3036963037,0.00924967667129751,1.21610671653687
"Utah","Asian","",,0.025,0.098,,0.0281214848143982,0.0240099902718176,8926.27672327672,0.0243815232884376,1.15339326758694
"Utah","Black","",,0.007,0.098,,0.0078740157480315,0.00782178238590324,3087.62937062937,0.00794281743724147,0.991337873524905
"Utah","Hispanic","",,0.064,0.098,,0.0719910011248594,0.109766556872544,42915.9210789211,0.111465095669818,0.645861385505929
"Utah","Native Hawaiian or Other Pacific Islander","",,0.006,0.098,,0.00674915635545557,0.00688962962083679,2541.15684315684,0.00699624044605768,0.964683304911091
"Utah","White","",,0.777,0.098,,0.874015748031496,0.827165011481917,269071.348651349,0.839964646487148,1.04053873182253
"Vermont","American Indian or Alaska Native","",,0.000906653,0.06,,0.000915439919179963,0.00435394832334049,332.814763059815,0.00445641388774593,0.20542075808919
"Vermont","Asian","",,0.011726766,0.06,,0.0118404171378491,0.0138962739779439,871.104390075104,0.0142233080744786,0.832465772086793
"Vermont","Black","",,0.006547445,0.06,,0.00661090022493198,0.0079951095948894,519.909448326909,0.00818326603504096,0.807855958320788
"Vermont","Hispanic","",,,0.06,,,0.010784970764551,814.846492203846,,
"Vermont","Native Hawaiian or Other Pacific Islander","",,4.88615e-05,0.06,,4.93350461654147e-05,0.000544997819737256,22.7514789827515,0.000557823766453193,0.0884419939277622
"Vermont","White","",,0.971171699,0.06,,0.980583907671874,0.950216840850721,54139.5805777686,0.972579188236281,1.00823040378862
"Virginia","American Indian or Alaska Native","",,0.005,0.341499002,,0.0053248136315229,0.00190568560102844,1682.978,0.00193831420609462,2.74713646259216
"Virginia","Asian","",,0.044,0.341499002,,0.0468583599574015,0.0635041159734933,59685.307,0.0645914153260505,0.725458015138166
"Virginia","Black","",,0.141,0.341499002,,0.150159744408946,0.177891708436886,164572.245,0.180937519506667,0.829898325224983
"Virginia","Hispanic","",,0.074,0.341499002,,0.0788072417465389,0.0672325542646508,67116.35,0.0683836908737051,1.15242743905246
"Virginia","Native Hawaiian or Other Pacific Islander","",,,0.341499002,,,0.000468682087627894,483.413,,
"Virginia","White","",,0.675,0.341499002,,0.718849840255591,0.672632439398328,587473.715,0.684149060087483,1.05072108140245
"Washington","American Indian or Alaska Native","",,0.009436757,0.06,,0.010568611542108,0.0101367346187673,13621.406257236,0.0104383780420132,1.01247641152395
"Washington","Asian","",,0.07,0.06,,0.0783958734920862,0.0853314481083177,116522.289036782,0.0878706948269075,0.892173137432391
"Washington","Black","",,0.02,0.06,,0.0223988209977389,0.0317074165909581,43577.355782082,0.0326509486101423,0.686008276977938
"Washington","Hispanic","",,0.03,0.06,,0.0335982314966084,0.0797226609211685,111444.384212522,0.082095004407996,0.409260365340037
"Washington","Native Hawaiian or Other Pacific Islander","",,0.003467383,0.06,,0.00388326455738015,0.00486741450599816,6792.162488469,0.00501225637363743,0.774753777122145
"Washington","White","",,0.76,0.06,,0.851155197914078,0.759336787530845,1001308.65905966,0.781932717739304,1.08852741240309
"West Virginia","American Indian or Alaska Native","",,,0.0689,,,0.00167110017188391,371.255625678,,
"West Virginia","Asian","",,,0.0689,,,0.00701162979049867,1468.58290369,,
"West Virginia","Black","",,0.0232,0.0689,,0.0252365930599369,0.0302110686115721,5805.16292614,0.030999692590194,0.814091719990795
"West Virginia","Hispanic","",,,0.0689,,,0.00873979754881257,1676.98853805,,
"West Virginia","Native Hawaiian or Other Pacific Islander","",,,0.0689,,,3.3730025983229e-05,8.5677639,,
"West Virginia","White","",,0.8961,0.0689,,0.974763406940063,0.944349195935332,178156.712459372,0.969000307409806,1.00594746924865
"Wisconsin","American Indian or Alaska Native","Yes",,0.008454318,0.073009441,0.067,0.00947808338608818,0.00595849222900194,4829.236481659,0.00601784235515705,1.57499695517378
"Wisconsin","Asian","Yes",,0.019774717,0.073009441,0.067,0.0221693123753206,0.0215940180710078,16294.387104616,0.0218091073330986,1.01651626711357
"Wisconsin","Black","Yes",,0.028659117,0.073009441,0.067,0.0310859930471376,0.0467081836273099,36549.511536462,0.0471734249138998,0.658972569913576
"Wisconsin","Hispanic","Yes",,0.031452,0.073009441,0.067,0.031452,0.0443753075519625,33188.131072542,0.0448173120054653,0.701782382579405
"Wisconsin","Native Hawaiian or Other Pacific Islander","Yes",,,0.073009441,0.067,,0.000522676405445232,385.298798629,,
"Wisconsin","White","Yes",,0.835097881,0.073009441,0.067,0.905814611191454,0.871501638782389,737019.713322339,0.880182313392379,1.02912157789252
"Wyoming","American Indian or Alaska Native","",,,,,,0.017951136179388,1340.69069069069,,
"Wyoming","Asian","",,,,,,0.00686356745073362,407.751751751752,,
"Wyoming","Black","",,,,,,0.00617718520097377,489.374374374374,,
"Wyoming","Hispanic","",,,,,,0.0695595745430384,5339.06206206206,,
"Wyoming","Native Hawaiian or Other Pacific Islander","",,,,,,0.001080802258029,77.3583583583584,,
"Wyoming","White","",,,,,,0.886450368587304,64339.2542542543,,
