ST,STATE,ST_ABBR,STCNTY,COUNTY,FIPS,LOCATION,AREA_SQMI,E_TOTPOP,M_TOTPOP,E_HU,M_HU,E_HH,M_HH,E_POV,M_POV,E_UNEMP,M_UNEMP,E_PCI,M_PCI,E_NOHSDP,M_NOHSDP,E_AGE65,M_AGE65,E_AGE17,M_AGE17,E_DISABL,M_DISABL,E_SNGPNT,M_SNGPNT,E_MINRTY,M_MINRTY,E_LIMENG,M_LIMENG,E_MUNIT,M_MUNIT,E_MOBILE,M_MOBILE,E_CROWD,M_CROWD,E_NOVEH,M_NOVEH,E_GROUPQ,M_GROUPQ,EP_POV,MP_POV,EP_UNEMP,MP_UNEMP,EP_PCI,MP_PCI,EP_NOHSDP,MP_NOHSDP,EP_AGE65,MP_AGE65,EP_AGE17,MP_AGE17,EP_DISABL,MP_DISABL,EP_SNGPNT,MP_SNGPNT,EP_MINRTY,MP_MINRTY,EP_LIMENG,MP_LIMENG,EP_MUNIT,MP_MUNIT,EP_MOBILE,MP_MOBILE,EP_CROWD,MP_CROWD,EP_NOVEH,MP_NOVEH,EP_GROUPQ,MP_GROUPQ,EPL_POV,EPL_UNEMP,EPL_PCI,EPL_NOHSDP,SPL_THEME1,RPL_THEME1,EPL_AGE65,EPL_AGE17,EPL_DISABL,EPL_SNGPNT,SPL_THEME2,RPL_THEME2,EPL_MINRTY,EPL_LIMENG,SPL_THEME3,RPL_THEME3,EPL_MUNIT,EPL_MOBILE,EPL_CROWD,EPL_NOVEH,EPL_GROUPQ,SPL_THEME4,RPL_THEME4,SPL_THEMES,RPL_THEMES,F_POV,F_UNEMP,F_PCI,F_NOHSDP,F_THEME1,F_AGE65,F_AGE17,F_DISABL,F_SNGPNT,F_THEME2,F_MINRTY,F_LIMENG,F_THEME3,F_MUNIT,F_MOBILE,F_CROWD,F_NOVEH,F_GROUPQ,F_THEME4,F_TOTAL,E_UNINSUR,M_UNINSUR,EP_UNINSUR,MP_UNINSUR,E_DAYPOP
56,WYOMING,WY,56021,Laramie,56021980801,"Census Tract 9808.01, Laramie County, Wyoming",1.385724325122,0,12,0,12,0,12,0,12,0,12,-999,-999,0,12,0,12,0,12,0,12,0,17,0,17,0,48,0,17,0,12,0,17,0,12,0,12,-999.0,-999.0,-999.0,-999.0,-999.0,-999.0,-999.0,-999.0,-999.0,-999.0,0.0,-999.0,-999.0,-999.0,0.0,-999.0,0.0,-999.0,0.0,-999.0,0.0,-999.0,-999.0,-999.0,0.0,-999.0,-999.0,-999.0,0.0,-999.0,-999.0,-999.0,-999.0,-999.0,-999.0,-999.0,-999.0,-999.0,-999.0,-999.0,-999.0,-999.0,-999.0,-999.0,-999.0,-999.0,-999.0,-999.0,-999.0,-999.0,-999.0,-999.0,-999.0,-999.0,-999.0,-999,-999,-999,-999,-999,-999,-999,-999,-999,-999,-999,-999,-999,-999,-999,-999,-999,-999,-999,-999,0,12,-999.0,-999.0,1066
56,WYOMING,WY,56025,Natrona,56025001603,"Census Tract 16.03, Natrona County, Wyoming",18.911525767994,3753,347,1344,100,1344,100,61,59,127,97,55916,9704,83,67,527,71,996,186,309,117,42,31,609,449,0,48,0,17,18,17,0,17,0,12,0,12,1.6,1.6,6.1,4.5,55916.0,9704.0,3.3,2.6,14.0,2.3,26.5,4.3,8.2,3.1,3.1,2.3,16.2,11.9,0.0,1.3,0.0,1.3,1.3,1.2,0.0,1.3,0.0,2.4,0.0,0.3,0.0077,0.7385,0.0154,0.1077,0.8693,0.1077,0.3769,0.7308,0.0923,0.1231,1.3231,0.1231,0.6385,0.0,0.6385,0.2846,0.0,0.1692,0.0,0.0,0.0,0.1692,0.0,3.0001,0.0,0,0,0,0,0,0,0,0,0,0,0,0,0,0,0,0,0,0,0,0,344,152,9.2,3.8,1239
56,WYOMING,WY,56033,Sheridan,56033000500,"Census Tract 5, Sheridan County, Wyoming",1561.711045685502,7508,456,3814,217,3150,220,280,204,106,91,38858,4662,113,80,1661,247,1528,271,867,249,206,121,470,630,0,68,7,20,374,146,44,46,18,22,0,17,3.7,2.7,2.5,2.1,38858.0,4662.0,2.0,1.4,22.1,3.1,20.4,3.4,11.5,3.3,6.5,3.8,6.3,8.4,0.0,1.0,0.2,0.5,9.8,3.7,1.4,1.5,0.6,0.7,0.0,0.2,0.0615,0.2154,0.1385,0.0385,0.4539,0.0077,0.8615,0.2462,0.3231,0.4308,1.8616,0.3769,0.0846,0.0,0.0846,0.0615,0.2385,0.4615,0.4923,0.1231,0.0,1.3154,0.0769,3.7155,0.0077,0,0,0,0,0,0,0,0,0,0,0,0,0,0,0,0,0,0,0,0,477,199,6.4,2.8,3988
56,WYOMING,WY,56037,Sweetwater,56037971200,"Census Tract 9712, Sweetwater County, Wyoming",13.476549768036,2484,237,1196,103,1038,103,84,105,109,76,38865,4840,25,30,450,79,615,106,209,79,72,52,345,367,0,48,0,17,70,71,0,17,0,12,0,12,3.4,4.2,8.1,5.4,38865.0,4840.0,1.4,1.7,18.1,3.4,24.8,3.6,8.4,3.2,6.9,5.0,13.9,14.7,0.0,2.2,0.0,1.4,5.9,5.7,0.0,1.6,0.0,3.1,0.0,0.5,0.0462,0.8615,0.1308,0.0231,1.0616,0.1538,0.6692,0.6,0.1,0.5,1.8692,0.3846,0.5385,0.0,0.5385,0.2385,0.0,0.3231,0.0,0.0,0.0,0.3231,0.0154,3.7924,0.0154,0,0,0,0,0,0,0,0,0,0,0,0,0,0,0,0,0,0,0,0,73,65,2.9,2.6,2597
56,WYOMING,WY,56021,Laramie,56021001902,"Census Tract 19.02, Laramie County, Wyoming",995.571995064278,4326,409,2004,95,1700,139,224,142,103,71,37268,3286,20,27,754,114,904,204,593,129,64,53,305,547,0,48,0,17,121,61,32,41,34,33,0,12,5.2,3.3,4.6,3.0,37268.0,3286.0,0.6,0.9,17.4,2.9,20.9,4.3,13.8,3.0,3.8,3.1,7.1,12.6,0.0,1.2,0.0,0.8,6.0,3.0,1.9,2.4,2.0,1.9,0.0,0.3,0.1154,0.5462,0.2,0.0,0.8616,0.1,0.6154,0.3,0.5385,0.1538,1.6077,0.2231,0.1154,0.0,0.1154,0.0769,0.0,0.3308,0.6,0.3462,0.0,1.277,0.0615,3.8617,0.0231,0,0,0,0,0,0,0,0,0,0,0,0,0,0,0,0,0,0,0,0,204,121,4.7,2.8,3384
56,WYOMING,WY,56021,Laramie,56021001901,"Census Tract 19.01, Laramie County, Wyoming",585.407314173812,5455,303,2097,93,2045,105,260,169,86,47,45021,4706,91,54,866,116,1188,174,544,126,97,71,678,458,7,66,14,27,100,75,8,20,35,37,8,6,4.8,3.1,3.0,1.6,45021.0,4706.0,2.3,1.3,15.9,2.0,21.8,3.0,10.0,2.4,4.7,3.5,12.4,8.4,0.1,1.3,0.7,1.3,4.8,3.5,0.4,1.0,1.7,1.8,0.1,0.1,0.0846,0.3,0.0462,0.0462,0.477,0.0154,0.5308,0.4077,0.2,0.2077,1.3462,0.1462,0.4385,0.3154,0.7539,0.3923,0.3308,0.2692,0.1923,0.2846,0.2154,1.2923,0.0692,3.8694,0.0308,0,0,0,0,0,0,0,0,0,0,0,0,0,0,0,0,0,0,0,0,262,137,4.8,2.5,1910
56,WYOMING,WY,56037,Sweetwater,56037970602,"Census Tract 9706.02, Sweetwater County, Wyoming",0.578291606438,3359,254,1177,84,1125,87,165,113,58,39,39532,6175,99,71,367,70,958,144,365,111,154,81,719,377,0,48,0,17,4,7,0,17,17,19,0,12,4.9,3.3,3.4,2.2,39532.0,6175.0,4.4,3.2,10.9,2.0,28.5,3.7,10.9,3.4,13.7,7.2,21.4,11.1,0.0,1.5,0.0,1.4,0.3,0.6,0.0,1.5,1.5,1.7,0.0,0.4,0.0923,0.3692,0.1077,0.2,0.7692,0.0769,0.2154,0.8769,0.2615,0.9,2.2538,0.6538,0.8077,0.0,0.8077,0.4154,0.0,0.0692,0.0,0.2231,0.0,0.2923,0.0077,4.123,0.0385,0,0,0,0,0,0,0,0,1,1,0,0,0,0,0,0,0,0,0,1,174,85,5.2,2.5,1207
56,WYOMING,WY,56021,Laramie,56021001200,"Census Tract 12, Laramie County, Wyoming",2.432913258338,4830,565,2297,79,1974,156,127,89,30,46,42715,6080,79,70,1189,108,1254,385,510,152,88,103,608,805,0,48,216,129,0,12,15,30,26,29,5,4,2.6,1.8,1.6,2.4,42715.0,6080.0,2.3,2.0,24.6,3.5,26.0,7.4,10.8,3.2,4.5,5.2,12.6,16.6,0.0,1.0,9.4,5.6,0.0,1.4,0.8,1.5,1.3,1.5,0.1,0.1,0.0231,0.1077,0.0692,0.0462,0.2462,0.0,0.9385,0.6846,0.2385,0.1923,2.0539,0.5154,0.4538,0.0,0.4538,0.2154,0.7769,0.0,0.3077,0.1846,0.2154,1.4846,0.1231,4.2385,0.0462,0,0,0,0,0,1,0,0,0,1,0,0,0,0,0,0,0,0,0,1,292,362,6.2,7.2,5280
56,WYOMING,WY,56001,Albany,56001963900,"Census Tract 9639, Albany County, Wyoming",4004.694817932746,2012,172,2189,106,944,100,222,110,16,23,36553,5418,77,47,636,98,223,65,282,66,4,13,162,241,0,48,0,17,313,87,20,23,7,8,0,12,11.1,5.5,1.7,2.4,36553.0,5418.0,4.9,3.0,31.6,4.7,11.1,3.1,14.0,3.2,0.4,1.5,8.1,12.0,0.0,2.5,0.0,0.8,14.3,4.0,2.1,2.5,0.7,0.9,0.0,0.6,0.5615,0.1154,0.2231,0.2538,1.1538,0.1846,0.9923,0.0231,0.5769,0.0,1.5923,0.2077,0.1692,0.0,0.1692,0.1,0.0,0.6,0.6615,0.1385,0.0,1.4,0.1077,4.3153,0.0538,0,0,0,0,0,1,0,0,0,1,0,0,0,0,0,0,0,0,0,1,71,61,3.5,2.9,979
56,WYOMING,WY,56029,Park,56029965300,"Census Tract 9653, Park County, Wyoming",6255.435658422566,7348,523,4219,209,3022,235,378,231,170,110,40455,4689,266,156,1830,246,1376,238,945,224,62,46,385,736,3,66,0,24,636,226,11,13,59,47,184,218,5.2,3.1,4.7,3.0,40455.0,4689.0,4.7,2.7,24.9,3.6,18.7,3.0,12.9,3.0,2.1,1.5,5.2,10.0,0.0,0.9,0.0,0.6,15.1,5.3,0.4,0.4,2.0,1.6,2.5,3.0,0.1154,0.5692,0.0923,0.2308,1.0077,0.1385,0.9538,0.1615,0.4923,0.0538,1.6614,0.2385,0.0462,0.0,0.0462,0.0385,0.0,0.6231,0.1923,0.3462,0.7308,1.8924,0.2385,4.6077,0.0615,0,0,0,0,0,1,0,0,0,1,0,0,0,0,0,0,0,0,0,1,616,255,8.4,3.4,3690
56,WYOMING,WY,56019,Johnson,56019955100,"Census Tract 9551, Johnson County, Wyoming",4128.8052313067,2573,323,1625,152,1114,147,167,121,40,40,36782,6374,124,110,509,94,510,139,278,100,98,78,211,471,4,46,0,17,275,107,3,14,2,5,3,3,6.5,4.5,2.6,2.6,36782.0,6374.0,6.4,5.3,19.8,3.5,19.8,4.8,10.8,4.0,8.8,6.9,8.2,18.3,0.2,1.9,0.0,1.0,16.9,6.3,0.3,1.3,0.2,0.4,0.1,0.1,0.2154,0.2385,0.2154,0.4385,1.1078,0.1692,0.7615,0.2077,0.2385,0.6615,1.8692,0.3846,0.1769,0.3538,0.5307,0.2308,0.0,0.6769,0.1615,0.0769,0.2154,1.1307,0.0462,4.6384,0.0692,0,0,0,0,0,0,0,0,0,0,0,0,0,0,0,0,0,0,0,0,202,107,7.9,3.9,1175
56,WYOMING,WY,56013,Fremont,56013000400,"Census Tract 4, Fremont County, Wyoming",1358.088682192368,1529,202,1423,63,814,89,119,81,20,18,33751,3678,74,45,591,133,148,88,270,93,14,19,132,275,0,48,11,21,118,52,0,17,0,12,25,9,7.9,5.2,2.3,2.1,33751.0,3678.0,5.6,3.4,38.7,7.9,9.7,5.6,17.7,5.5,1.7,2.3,8.6,18.0,0.0,3.2,0.8,1.5,8.3,3.6,0.0,2.1,0.0,3.9,1.6,0.5,0.3308,0.1769,0.3154,0.3308,1.1539,0.1923,1.0,0.0154,0.8692,0.0308,1.9154,0.4385,0.2154,0.0,0.2154,0.1231,0.3615,0.3769,0.0,0.0,0.6154,1.3538,0.0846,4.6385,0.0769,0,0,0,0,0,1,0,0,0,1,0,0,0,0,0,0,0,0,0,1,112,58,7.3,3.5,1098
56,WYOMING,WY,56033,Sheridan,56033000400,"Census Tract 4, Sheridan County, Wyoming",2.392244748576,5385,418,2529,137,2370,172,270,160,75,88,35897,6768,126,82,788,165,1107,261,919,180,108,85,485,583,0,68,16,30,417,152,19,34,13,22,84,55,5.1,3.0,2.5,2.9,35897.0,6768.0,3.3,2.2,14.6,3.4,20.6,4.6,17.3,2.9,4.6,3.6,9.0,10.8,0.0,1.3,0.6,1.2,16.5,6.0,0.8,1.5,0.5,0.9,1.6,1.0,0.1077,0.2154,0.2385,0.1077,0.6693,0.0615,0.4462,0.2615,0.8385,0.2,1.7462,0.2769,0.2462,0.0,0.2462,0.1462,0.3077,0.6615,0.3077,0.0923,0.6154,1.9846,0.2846,4.6463,0.0846,0,0,0,0,0,0,0,0,0,0,0,0,0,0,0,0,0,0,0,0,824,329,15.5,6.1,4806
56,WYOMING,WY,56025,Natrona,56025000902,"Census Tract 9.02, Natrona County, Wyoming",1.464557087074,3833,398,1524,73,1410,115,102,67,8,11,40973,5290,180,93,780,89,673,141,326,113,76,50,361,508,26,59,284,110,0,12,0,17,0,12,560,283,3.1,2.0,0.4,0.5,40973.0,5290.0,6.8,3.5,20.3,2.9,17.6,3.2,9.0,3.1,5.4,3.5,9.4,13.2,0.7,1.6,18.6,7.2,0.0,2.1,0.0,1.2,0.0,2.3,14.6,7.2,0.0308,0.0154,0.0846,0.4923,0.6231,0.0462,0.7769,0.1231,0.1538,0.2615,1.3153,0.1154,0.2692,0.5769,0.8461,0.4308,0.9385,0.0,0.0,0.0,0.9692,1.9077,0.2462,4.6922,0.0923,0,0,0,0,0,0,0,0,0,0,0,0,0,1,0,0,0,1,2,2,460,165,12.7,4.8,4270
56,WYOMING,WY,56029,Park,56029965100,"Census Tract 9651, Park County, Wyoming",667.584489719302,5296,464,2254,106,2035,134,329,200,89,76,42224,14495,220,131,1143,184,1150,249,643,182,153,132,375,630,116,110,0,24,345,151,0,24,0,17,0,17,6.2,3.8,3.4,2.8,42224.0,14495.0,5.9,3.4,21.6,3.5,21.7,4.3,12.1,3.5,7.5,6.5,7.1,11.9,2.3,2.2,0.0,1.1,15.3,6.6,0.0,1.2,0.0,1.6,0.0,0.3,0.1846,0.3692,0.0769,0.3692,0.9999,0.1308,0.8385,0.3846,0.3846,0.5538,2.1615,0.6,0.1154,0.8769,0.9923,0.5385,0.0,0.6308,0.0,0.0,0.0,0.6308,0.0231,4.7845,0.1,0,0,0,0,0,0,0,0,0,0,0,0,0,0,0,0,0,0,0,0,337,275,6.4,5.1,2513
56,WYOMING,WY,56005,Campbell,56005000500,"Census Tract 5, Campbell County, Wyoming",13.620242646662,6027,452,2384,134,2155,183,139,140,131,111,37537,3676,261,155,350,61,1810,225,395,116,212,140,532,681,0,68,176,133,34,30,0,24,0,17,192,106,2.4,2.4,4.0,3.6,37537.0,3676.0,6.6,4.0,5.8,1.1,30.0,3.0,6.8,1.9,9.8,6.5,8.8,11.3,0.0,1.2,7.4,5.6,1.4,1.3,0.0,1.1,0.0,1.5,3.2,1.7,0.0154,0.4923,0.1923,0.4692,1.1692,0.2,0.0154,0.9077,0.0385,0.7231,1.6847,0.2692,0.2385,0.0,0.2385,0.1385,0.7385,0.1846,0.0,0.0,0.7846,1.7077,0.2,4.8001,0.1077,0,0,0,0,0,0,1,0,0,1,0,0,0,0,0,0,0,0,0,1,460,284,7.9,4.7,4138
56,WYOMING,WY,56025,Natrona,56025001800,"Census Tract 18, Natrona County, Wyoming",4163.21679599586,4335,480,2711,160,1901,190,245,113,65,48,45124,5719,128,60,768,183,599,208,619,184,58,56,309,619,0,48,134,88,373,129,16,20,30,34,278,64,6.0,2.8,2.9,2.2,45124.0,5719.0,3.7,1.7,17.7,4.5,13.8,4.5,15.3,4.8,3.1,3.0,7.1,14.3,0.0,1.2,4.9,3.3,13.8,4.6,0.8,1.1,1.6,1.8,6.4,1.3,0.1769,0.2769,0.0385,0.1615,0.6538,0.0538,0.6385,0.0385,0.7154,0.1231,1.5155,0.1692,0.1154,0.0,0.1154,0.0769,0.6077,0.5846,0.3077,0.2462,0.8846,2.6308,0.5923,4.9155,0.1154,0,0,0,0,0,0,0,0,0,0,0,0,0,0,0,0,0,0,0,0,316,186,7.8,4.2,6852
56,WYOMING,WY,56023,Lincoln,56023978000,"Census Tract 9780, Lincoln County, Wyoming",1508.754168728226,6575,509,3860,102,2723,183,424,217,160,99,37942,4564,296,95,1069,182,1451,323,838,250,180,103,298,720,0,68,38,50,203,78,21,30,93,68,17,20,6.5,3.3,4.5,2.7,37942.0,4564.0,6.0,2.0,16.3,3.0,22.1,4.6,12.8,3.9,6.6,3.8,4.5,11.0,0.0,1.1,1.0,1.3,5.3,2.0,0.8,1.1,3.4,2.5,0.3,0.3,0.2154,0.5385,0.1692,0.3923,1.3154,0.2538,0.5615,0.4308,0.4846,0.4462,1.9231,0.4462,0.0077,0.0,0.0077,0.0077,0.3846,0.2923,0.3077,0.5538,0.3846,1.923,0.2615,5.1692,0.1231,0,0,0,0,0,0,0,0,0,0,0,0,0,0,0,0,0,0,0,0,975,315,14.9,4.7,4093
56,WYOMING,WY,56025,Natrona,56025000700,"Census Tract 7, Natrona County, Wyoming",0.63957603249,2259,323,1283,86,1065,118,211,106,57,45,35800,4642,117,79,339,41,453,147,341,111,65,46,188,438,0,48,0,17,42,49,0,17,80,62,5,9,9.4,4.5,4.4,3.3,35800.0,4642.0,7.7,4.7,15.0,2.5,20.1,5.8,15.1,4.6,6.1,4.3,8.3,19.4,0.0,2.3,0.0,1.3,3.3,3.8,0.0,1.6,7.5,5.4,0.2,0.4,0.4538,0.5308,0.2538,0.5846,1.823,0.4462,0.4615,0.2308,0.6923,0.3923,1.7769,0.2923,0.1846,0.0,0.1846,0.1077,0.0,0.2308,0.0,0.8538,0.3077,1.3923,0.1,5.1768,0.1308,0,0,0,0,0,0,0,0,0,0,0,0,0,0,0,0,0,0,0,0,291,87,12.9,3.6,3459
56,WYOMING,WY,56011,Crook,56011950300,"Census Tract 9503, Crook County, Wyoming",845.530699168414,2980,299,1411,76,1238,90,181,94,53,50,32124,4885,109,60,789,89,624,180,284,94,29,23,150,411,0,48,0,17,149,77,24,31,38,41,70,38,6.2,3.3,3.8,3.6,32124.0,4885.0,4.9,2.6,26.5,4.2,20.9,5.7,9.7,3.3,2.3,1.9,5.0,13.8,0.0,1.7,0.0,1.2,10.6,5.3,1.9,2.5,3.1,3.3,2.3,1.3,0.1846,0.4385,0.4077,0.2538,1.2846,0.2462,0.9846,0.3,0.1846,0.0692,1.5384,0.1846,0.0385,0.0,0.0385,0.0308,0.0,0.4923,0.6,0.5154,0.7231,2.3308,0.4308,5.1923,0.1385,0,0,0,0,0,1,0,0,0,1,0,0,0,0,0,0,0,0,0,1,330,135,11.3,4.4,2648
56,WYOMING,WY,56021,Laramie,56021000900,"Census Tract 9, Laramie County, Wyoming",1.393019722412,2787,255,1391,89,1247,101,215,88,129,98,39995,3821,62,53,497,67,418,70,325,101,67,57,523,381,0,48,63,39,14,17,10,18,59,39,0,12,7.8,3.1,8.6,6.4,39995.0,3821.0,3.0,2.6,17.8,2.4,15.0,2.1,11.9,3.9,5.4,4.6,18.8,13.6,0.0,1.8,4.5,2.8,1.0,1.2,0.8,1.5,4.7,3.0,0.0,0.4,0.3231,0.8846,0.1,0.0692,1.3769,0.2846,0.6462,0.0846,0.3462,0.2615,1.3385,0.1385,0.7308,0.0,0.7308,0.3462,0.6,0.1385,0.3077,0.7154,0.0,1.7616,0.2077,5.2078,0.1462,0,0,0,0,0,0,0,0,0,0,0,0,0,0,0,0,0,0,0,0,250,111,9.1,4.0,1713
56,WYOMING,WY,56001,Albany,56001962700,"Census Tract 9627, Albany County, Wyoming",245.381018738564,3800,272,1664,126,1571,120,205,107,58,43,39084,8866,79,51,635,93,848,187,454,134,102,59,253,407,0,48,42,40,413,107,11,20,54,42,48,36,5.5,2.9,2.7,2.1,39084.0,8866.0,3.0,1.9,16.7,2.4,22.3,4.7,12.2,3.7,6.5,3.8,6.7,10.7,0.0,1.3,2.5,2.4,24.8,6.3,0.7,1.3,3.4,2.6,1.3,0.9,0.1538,0.2538,0.1154,0.0692,0.5922,0.0385,0.5923,0.4615,0.4154,0.4308,1.9,0.4154,0.0923,0.0,0.0923,0.0692,0.4923,0.8231,0.2462,0.5538,0.5231,2.6385,0.6154,5.223,0.1538,0,0,0,0,0,0,0,0,0,0,0,0,0,0,0,0,0,0,0,0,292,145,7.8,4.0,1911
56,WYOMING,WY,56007,Carbon,56007968000,"Census Tract 9680, Carbon County, Wyoming",1873.23246907513,3301,270,2296,101,1486,124,303,112,16,23,35584,4869,120,67,851,144,599,204,306,96,62,44,153,374,65,77,0,17,205,75,46,37,17,16,50,32,9.3,3.6,0.9,1.3,35584.0,4869.0,4.8,2.7,25.8,4.9,18.1,6.0,9.3,3.0,4.2,2.9,4.6,11.3,2.0,2.4,0.0,0.7,8.9,3.2,3.1,2.5,1.1,1.1,1.5,1.0,0.4385,0.0538,0.2692,0.2462,1.0077,0.1385,0.9615,0.1308,0.1692,0.1769,1.4384,0.1615,0.0154,0.8462,0.8616,0.4538,0.0,0.4,0.7769,0.1615,0.5769,1.9153,0.2538,5.223,0.1538,0,0,0,0,0,1,0,0,0,1,0,0,0,0,0,0,0,0,0,1,315,120,9.6,3.9,2565
56,WYOMING,WY,56001,Albany,56001963600,"Census Tract 9636, Albany County, Wyoming",0.780575849666,4302,358,2297,120,1993,185,794,262,77,57,27570,2815,29,29,548,103,632,94,337,113,9,19,268,507,22,58,237,127,0,12,14,25,85,71,96,66,19.0,5.7,2.7,2.0,27570.0,2815.0,1.1,1.1,12.7,2.4,14.7,1.8,8.0,2.8,0.5,1.0,6.2,11.8,0.6,1.5,10.3,5.5,0.0,1.4,0.7,1.3,4.3,3.5,2.2,1.5,0.8692,0.2538,0.7,0.0154,1.8384,0.4538,0.3308,0.0692,0.0615,0.0077,0.4692,0.0154,0.0692,0.5154,0.5846,0.2538,0.8154,0.0,0.2462,0.6692,0.7154,2.4462,0.4846,5.3384,0.1692,0,0,0,0,0,0,0,0,0,0,0,0,0,0,0,0,0,0,0,0,190,82,4.5,2.0,3252
56,WYOMING,WY,56039,Teton,56039967702,"Census Tract 9677.02, Teton County, Wyoming",84.693357105556,5853,747,3988,215,2392,296,439,273,58,67,61433,10339,282,185,1152,207,871,289,492,233,46,54,697,1012,252,188,129,83,160,107,98,77,38,39,21,22,7.5,4.5,1.7,1.9,61433.0,10339.0,6.2,3.9,19.7,4.0,14.9,4.6,8.4,4.0,1.9,2.3,11.9,17.2,4.4,3.3,3.2,2.1,4.0,2.7,4.1,3.2,1.6,1.6,0.4,0.4,0.2846,0.1154,0.0,0.4077,0.8077,0.0846,0.7462,0.0769,0.1,0.0462,0.9693,0.0538,0.4,0.9846,1.3846,0.7462,0.5385,0.2462,0.8615,0.2462,0.4231,2.3155,0.4154,5.4771,0.1769,0,0,0,0,0,0,0,0,0,0,0,1,1,0,0,0,0,0,0,1,479,254,8.2,4.2,7124
56,WYOMING,WY,56021,Laramie,56021000800,"Census Tract 8, Laramie County, Wyoming",0.49261595874,1793,143,870,43,818,65,146,83,57,44,35751,4825,55,24,351,32,386,72,250,77,88,42,247,215,5,47,0,17,0,12,6,15,18,16,0,12,8.3,4.6,5.5,4.0,35751.0,4825.0,4.3,1.9,19.6,2.3,21.5,3.6,14.3,4.2,10.8,5.1,13.8,12.0,0.3,2.8,0.0,2.0,0.0,3.7,0.7,1.9,2.2,1.9,0.0,0.7,0.3615,0.6769,0.2615,0.1923,1.4922,0.3308,0.7385,0.3692,0.6231,0.7692,2.5,0.8231,0.5308,0.3923,0.9231,0.4846,0.0,0.0,0.2462,0.3846,0.0,0.6308,0.0231,5.5461,0.1846,0,0,0,0,0,0,0,0,0,0,0,0,0,0,0,0,0,0,0,0,47,33,2.7,1.9,1474
56,WYOMING,WY,56035,Sublette,56035000102,"Census Tract 1.02, Sublette County, Wyoming",2385.62963405235,6549,527,3772,120,2193,294,654,432,151,118,33209,4608,81,64,924,229,1458,283,932,309,180,122,649,722,25,71,23,33,448,238,0,24,32,41,25,10,10.0,6.5,3.9,3.0,33209.0,4608.0,1.7,1.3,14.1,3.2,22.3,3.9,14.3,4.5,8.2,5.5,9.9,11.0,0.4,1.2,0.6,0.9,11.9,6.4,0.0,1.1,1.5,1.8,0.4,0.1,0.4846,0.4615,0.3538,0.0308,1.3307,0.2692,0.3923,0.4615,0.6231,0.6,2.0769,0.5308,0.2846,0.4385,0.7231,0.3385,0.3077,0.5308,0.0,0.2231,0.4231,1.4847,0.1308,5.6154,0.1923,0,0,0,0,0,0,0,0,0,0,0,0,0,0,0,0,0,0,0,0,947,437,14.5,6.5,6362
56,WYOMING,WY,56009,Converse,56009956600,"Census Tract 9566, Converse County, Wyoming",4183.821259342234,3183,374,1609,187,1193,168,283,165,50,52,38613,6735,305,125,517,114,626,186,667,156,36,42,268,531,19,55,0,17,350,123,4,14,36,39,0,12,8.9,5.0,2.8,3.0,38613.0,6735.0,12.5,4.9,16.2,3.6,19.7,5.4,21.0,5.2,3.0,3.5,8.4,16.7,0.6,1.8,0.0,1.1,21.8,6.8,0.3,1.2,3.0,3.2,0.0,0.4,0.4077,0.2692,0.1462,0.9077,1.7308,0.4231,0.5538,0.2,0.9615,0.0923,1.8076,0.3308,0.1923,0.5154,0.7077,0.3077,0.0,0.7538,0.1615,0.4923,0.0,1.4076,0.1154,5.6537,0.2,0,0,0,1,1,0,0,1,0,1,0,0,0,0,0,0,0,0,0,2,251,112,7.9,3.2,2383
56,WYOMING,WY,56025,Natrona,56025000501,"Census Tract 5.01, Natrona County, Wyoming",1.273852428928,5148,486,2809,146,2431,190,560,267,55,69,35430,5335,232,89,970,168,1069,246,634,197,131,83,474,702,0,68,972,208,34,40,0,24,91,72,79,70,11.1,5.1,1.9,2.4,35430.0,5335.0,6.3,2.4,18.8,3.8,20.8,4.4,12.5,4.2,5.4,3.4,9.2,13.6,0.0,1.4,34.6,7.2,1.2,1.4,0.0,1.0,3.7,2.9,1.5,1.4,0.5615,0.1308,0.2769,0.4308,1.4,0.2923,0.7,0.2692,0.4462,0.2615,1.6769,0.2538,0.2538,0.0,0.2538,0.1538,1.0,0.1462,0.0,0.6,0.5769,2.3231,0.4231,5.6538,0.2077,0,0,0,0,0,0,0,0,0,0,0,0,0,1,0,0,0,0,1,1,705,302,13.9,5.6,2497
56,WYOMING,WY,56025,Natrona,56025000600,"Census Tract 6, Natrona County, Wyoming",4.00182367736,8008,583,3381,114,3140,173,299,132,204,130,28709,1874,224,133,828,133,1997,334,1116,297,431,171,852,824,0,68,24,24,0,17,64,83,130,67,0,17,3.7,1.7,4.3,2.7,28709.0,1874.0,4.5,2.6,10.3,1.8,24.9,3.8,13.9,3.5,13.7,5.4,10.6,10.3,0.0,0.9,0.7,0.7,0.0,1.0,2.0,2.7,4.1,2.2,0.0,0.2,0.0615,0.5231,0.6692,0.2154,1.4692,0.3077,0.1846,0.6231,0.5538,0.9,2.2615,0.6692,0.3231,0.0,0.3231,0.1846,0.3308,0.0,0.6154,0.6538,0.0,1.6,0.1615,5.6538,0.2077,0,0,0,0,0,0,0,0,1,1,0,0,0,0,0,0,0,0,0,1,733,318,9.2,4.0,3100
56,WYOMING,WY,56021,Laramie,56021001000,"Census Tract 10, Laramie County, Wyoming",0.789780907448,3123,322,1630,104,1428,129,167,85,156,83,38894,9565,119,71,317,74,651,138,263,109,146,59,648,430,8,48,36,35,78,62,0,17,87,54,5,4,5.3,2.7,8.3,4.4,38894.0,9565.0,5.8,3.5,10.2,2.6,20.8,3.9,8.6,3.4,10.2,4.1,20.7,13.6,0.3,1.6,2.2,2.2,4.8,3.9,0.0,1.2,6.1,3.7,0.2,0.1,0.1462,0.8692,0.1231,0.3538,1.4923,0.3385,0.1615,0.2692,0.1231,0.7385,1.2923,0.1077,0.7923,0.3923,1.1846,0.6538,0.4615,0.2692,0.0,0.8154,0.3077,1.8538,0.2308,5.823,0.2231,0,0,0,0,0,0,0,0,0,0,0,0,0,0,0,0,0,0,0,0,271,167,8.9,5.2,5975
56,WYOMING,WY,56005,Campbell,56005000100,"Census Tract 1, Campbell County, Wyoming",2485.419372793336,11068,799,4638,214,3931,268,849,543,151,117,38592,4581,268,134,685,210,3255,449,897,299,119,60,1396,1149,198,241,656,184,1042,210,180,122,19,31,5,9,7.7,4.8,2.4,1.9,38592.0,4581.0,3.8,1.8,6.2,1.9,29.4,3.5,8.1,2.7,3.0,1.5,12.6,10.3,2.0,2.5,14.1,3.9,22.5,4.4,4.6,3.1,0.5,0.8,0.0,0.1,0.3,0.2,0.1538,0.1692,0.823,0.0923,0.0385,0.9,0.0692,0.0923,1.1,0.0769,0.4538,0.8462,1.3,0.7,0.8692,0.7923,0.8846,0.0923,0.0,2.6384,0.6077,5.8614,0.2308,0,0,0,0,0,0,1,0,0,1,0,0,0,0,0,0,0,0,0,1,884,386,8.0,3.3,7844
56,WYOMING,WY,56025,Natrona,56025001700,"Census Tract 17, Natrona County, Wyoming",10.573092843992,5047,442,1973,105,1893,145,158,83,107,70,33429,3581,155,92,557,75,1408,220,618,144,160,92,682,597,39,86,9,22,167,78,21,25,44,35,0,17,3.1,1.7,4.1,2.6,33429.0,3581.0,4.7,2.6,11.0,1.7,27.9,3.6,12.3,2.8,8.5,4.9,13.5,11.8,0.8,1.9,0.5,1.2,8.5,3.8,1.1,1.3,2.3,1.8,0.0,0.3,0.0308,0.5,0.3385,0.2308,1.1001,0.1615,0.2231,0.8385,0.4308,0.6385,2.1309,0.5923,0.5154,0.6231,1.1385,0.6308,0.2923,0.3923,0.4077,0.4077,0.0,1.5,0.1385,5.8695,0.2385,0,0,0,0,0,0,0,0,0,0,0,0,0,0,0,0,0,0,0,0,357,148,7.1,2.9,4086
56,WYOMING,WY,56029,Park,56029965500,"Census Tract 9655, Park County, Wyoming",5.433716921336,4465,302,2060,108,1828,135,455,229,20,24,30258,3132,108,74,861,123,939,166,591,221,165,89,414,438,0,48,89,68,17,24,0,17,99,55,83,67,10.4,5.1,0.8,1.0,30258.0,3132.0,3.3,2.3,19.3,2.7,21.0,3.4,13.5,4.9,9.0,4.9,9.3,9.8,0.0,1.1,4.3,3.3,0.8,1.2,0.0,0.9,5.4,2.9,1.9,1.5,0.5077,0.0385,0.5692,0.1077,1.2231,0.2154,0.7231,0.3154,0.5308,0.6769,2.2462,0.6462,0.2615,0.0,0.2615,0.1615,0.5923,0.1231,0.0,0.7769,0.6538,2.1461,0.3231,5.8769,0.2462,0,0,0,0,0,0,0,0,0,0,0,0,0,0,0,0,0,0,0,0,580,264,13.2,5.7,8250
56,WYOMING,WY,56039,Teton,56039967600,"Census Tract 9676, Teton County, Wyoming",3858.553276175624,5350,648,4167,258,2176,331,535,238,11,19,58374,15151,34,33,943,168,677,254,433,171,143,140,684,832,99,129,218,145,223,154,168,139,0,17,830,223,10.0,4.4,0.3,0.5,58374.0,15151.0,0.8,0.8,17.6,3.2,12.7,4.5,8.1,3.2,6.6,6.4,12.8,15.5,1.9,2.4,5.2,3.5,5.4,3.8,7.7,6.3,0.0,1.5,15.5,3.7,0.4846,0.0077,0.0077,0.0077,0.5077,0.0308,0.6308,0.0308,0.0692,0.4462,1.177,0.0846,0.4692,0.8385,1.3077,0.7077,0.6385,0.3,0.9769,0.0,0.9769,2.8923,0.7462,5.8847,0.2538,0,0,0,0,0,0,0,0,0,0,0,0,0,0,0,1,0,1,2,2,333,181,6.2,3.3,6339
56,WYOMING,WY,56011,Crook,56011950200,"Census Tract 9502, Crook County, Wyoming",2008.94800740618,4430,299,2239,79,1686,116,310,144,71,46,32344,3783,239,92,584,89,1191,180,375,107,95,64,263,411,7,47,23,20,711,123,40,30,45,40,0,12,7.1,3.4,3.3,2.1,32344.0,3783.0,8.2,3.1,13.2,2.2,26.9,3.6,8.5,2.4,5.6,3.8,5.9,9.3,0.2,1.2,1.0,0.9,31.8,5.3,2.4,1.8,2.7,2.3,0.0,0.3,0.2462,0.3538,0.3846,0.6538,1.6384,0.3923,0.3462,0.7615,0.1154,0.3231,1.5462,0.1923,0.0615,0.3538,0.4153,0.2,0.3846,0.8846,0.7,0.4615,0.0,2.4307,0.4615,6.0306,0.2615,0,0,0,0,0,0,0,0,0,0,0,0,0,0,0,0,0,0,0,0,411,121,9.3,2.6,3248
56,WYOMING,WY,56041,Uinta,56041975200,"Census Tract 9752, Uinta County, Wyoming",1140.391767589864,6420,488,2644,276,2333,257,411,168,164,95,30334,2590,179,82,745,145,1990,269,892,163,101,54,401,671,0,68,11,25,858,204,87,72,71,55,0,17,6.4,2.5,5.2,2.8,30334.0,2590.0,4.5,2.0,11.6,2.1,31.0,3.5,13.9,2.6,4.3,2.3,6.2,10.4,0.0,1.2,0.4,1.0,32.5,6.3,3.7,3.1,3.0,2.3,0.0,0.3,0.2,0.6231,0.5538,0.2154,1.5923,0.3692,0.2615,0.9385,0.5538,0.1846,1.9384,0.4538,0.0692,0.0,0.0692,0.0538,0.2615,0.9,0.8154,0.4923,0.0,2.4692,0.5154,6.0691,0.2692,0,0,0,0,0,0,1,0,0,1,0,0,0,0,1,0,0,0,1,2,559,260,8.7,4.0,5275
56,WYOMING,WY,56029,Park,56029965400,"Census Tract 9654, Park County, Wyoming",6.603318721448,5759,315,2847,140,2512,186,298,177,31,42,31767,3684,100,62,1260,179,1219,183,738,198,129,102,663,485,32,73,119,70,214,106,59,56,66,71,60,59,5.2,3.1,1.1,1.4,31767.0,3684.0,2.5,1.5,21.9,3.1,21.2,3.0,12.9,3.4,5.1,4.1,11.5,8.4,0.6,1.4,4.2,2.5,7.5,3.8,2.3,2.2,2.6,2.8,1.0,1.0,0.1154,0.0692,0.4538,0.0615,0.6999,0.0692,0.8538,0.3385,0.4923,0.2231,1.9077,0.4231,0.3846,0.5154,0.9,0.4769,0.5846,0.3615,0.6846,0.4462,0.4923,2.5692,0.5462,6.0768,0.2769,0,0,0,0,0,0,0,0,0,0,0,0,0,0,0,0,0,0,0,0,392,190,6.9,3.3,5310
56,WYOMING,WY,56021,Laramie,56021001100,"Census Tract 11, Laramie County, Wyoming",4.81074211654,2300,205,554,70,491,66,6,9,53,40,24670,2322,25,28,0,12,689,113,0,12,28,28,868,321,31,70,0,17,8,13,0,17,0,12,665,5,0.4,0.6,12.7,9.6,24670.0,2322.0,3.3,3.5,0.0,1.4,30.0,4.1,0.0,2.6,5.7,5.8,37.7,13.5,1.5,3.5,0.0,3.1,1.4,2.3,0.0,3.5,0.0,6.4,28.9,2.6,0.0,0.9846,0.8462,0.1077,1.9385,0.5,0.0,0.9077,0.0,0.3385,1.2462,0.1,0.9692,0.7769,1.7461,0.9308,0.0,0.1846,0.0,0.0,0.9846,1.1692,0.0538,6.1,0.2846,0,1,0,0,1,0,1,0,0,1,1,0,1,0,0,0,0,1,1,4,13,14,1.1,1.1,3273
56,WYOMING,WY,56021,Laramie,56021001300,"Census Tract 13, Laramie County, Wyoming",3.760400274392,8084,441,3597,130,3597,130,349,169,120,88,44872,4901,183,108,1796,148,1877,312,974,242,211,104,1179,835,52,84,254,125,17,29,29,31,211,104,29,19,4.3,2.2,2.9,2.1,44872.0,4901.0,3.1,1.9,22.2,2.1,23.2,3.6,12.1,2.9,5.9,2.9,14.6,10.3,0.7,1.1,7.1,3.5,0.5,0.8,0.8,0.9,5.9,2.9,0.4,0.2,0.0769,0.2769,0.0538,0.1,0.5076,0.0231,0.8692,0.5077,0.3846,0.3615,2.123,0.5769,0.5923,0.5769,1.1692,0.6385,0.7308,0.1,0.3077,0.8077,0.4231,2.3693,0.4462,6.1691,0.2923,0,0,0,0,0,0,0,0,0,0,0,0,0,0,0,0,0,0,0,0,215,158,2.7,1.9,4994
56,WYOMING,WY,56021,Laramie,56021002000,"Census Tract 20, Laramie County, Wyoming",1053.899517636782,9411,589,3722,186,3409,205,709,375,137,83,33788,3564,334,190,1280,197,2538,291,1163,257,182,110,1292,857,52,76,10,24,214,110,125,62,87,61,18,11,7.6,3.9,2.9,1.8,33788.0,3564.0,5.3,2.9,13.6,2.0,27.0,2.6,12.5,2.6,5.3,3.2,13.7,9.1,0.6,0.9,0.3,0.6,5.7,2.9,3.7,1.8,2.6,1.8,0.2,0.1,0.2923,0.2769,0.3077,0.2923,1.1692,0.2,0.3692,0.7692,0.4462,0.2462,1.8308,0.3538,0.5231,0.5154,1.0385,0.5538,0.2538,0.3077,0.8154,0.4462,0.3077,2.1308,0.3154,6.1693,0.3,0,0,0,0,0,0,0,0,0,0,0,0,0,0,0,0,0,0,0,0,941,390,10.1,4.0,7698
56,WYOMING,WY,56025,Natrona,56025001602,"Census Tract 16.02, Natrona County, Wyoming",5.302773902954,7119,443,3216,200,2859,230,600,315,93,71,42800,6829,479,222,743,139,1805,266,804,212,249,123,717,679,64,80,366,139,491,124,36,38,7,11,0,17,8.5,4.5,2.3,1.8,42800.0,6829.0,10.5,4.7,10.4,1.9,25.4,3.4,11.4,3.0,8.7,4.2,10.1,9.5,1.0,1.2,11.4,4.3,15.3,3.5,1.3,1.4,0.2,0.4,0.0,0.2,0.3769,0.1769,0.0615,0.8385,1.4538,0.3,0.1923,0.6615,0.3,0.6462,1.8,0.3154,0.2923,0.6692,0.9615,0.5154,0.8231,0.6308,0.4462,0.0769,0.0,1.977,0.2692,6.1923,0.3077,0,0,0,0,0,0,0,0,0,0,0,0,0,0,0,0,0,0,0,0,1057,360,15.0,5.0,7053
56,WYOMING,WY,56009,Converse,56009956500,"Census Tract 9565, Converse County, Wyoming",14.292748546528,3128,451,1382,110,1208,127,220,185,89,61,31617,4265,159,93,381,124,900,247,464,149,36,36,125,643,0,48,73,67,374,92,16,30,23,28,0,12,7.0,6.0,5.4,3.8,31617.0,4265.0,8.1,4.4,12.2,3.9,28.8,6.7,14.8,4.2,3.0,3.0,4.0,20.6,0.0,1.7,5.3,4.8,27.1,6.7,1.3,2.5,1.9,2.3,0.0,0.4,0.2385,0.6538,0.4615,0.6385,1.9923,0.5231,0.2923,0.8923,0.6692,0.0923,1.9461,0.4692,0.0,0.0,0.0,0.0,0.6538,0.8462,0.4462,0.3231,0.0,2.2693,0.3846,6.2077,0.3154,0,0,0,0,0,0,0,0,0,0,0,0,0,0,0,0,0,0,0,0,139,100,4.4,3.2,1991
56,WYOMING,WY,56015,Goshen,56015957700,"Census Tract 9577, Goshen County, Wyoming",1014.416208195694,2002,206,958,73,782,68,181,82,31,31,26892,2623,103,47,431,81,444,116,309,77,50,30,216,276,12,48,0,17,92,41,0,17,6,6,12,8,9.1,4.1,3.0,3.0,26892.0,2623.0,7.1,3.2,21.5,4.4,22.2,5.3,15.4,4.0,6.4,3.9,10.8,13.8,0.6,2.6,0.0,1.8,9.6,4.1,0.0,2.2,0.8,0.8,0.6,0.4,0.4231,0.3,0.7308,0.5385,1.9924,0.5308,0.8308,0.4462,0.7231,0.4231,2.4232,0.7615,0.3385,0.5154,0.8539,0.4462,0.0,0.4538,0.0,0.1462,0.4615,1.0615,0.0385,6.331,0.3231,0,0,0,0,0,0,0,0,0,0,0,0,0,0,0,0,0,0,0,0,230,100,11.5,4.7,765
56,WYOMING,WY,56033,Sheridan,56033000200,"Census Tract 2, Sheridan County, Wyoming",1.35530489295,3188,278,1607,100,1502,109,286,128,61,45,30035,2740,124,88,607,96,736,176,295,117,122,64,267,423,63,86,78,57,9,14,0,17,121,81,0,12,9.0,3.9,3.9,2.9,30035.0,2740.0,5.6,4.0,19.0,3.1,23.1,5.1,9.3,3.6,8.1,4.3,8.4,13.3,2.1,2.9,4.9,3.6,0.6,0.9,0.0,1.1,8.1,5.2,0.0,0.4,0.4154,0.4615,0.5769,0.3308,1.7846,0.4308,0.7077,0.5,0.1692,0.5923,1.9692,0.4769,0.1923,0.8692,1.0615,0.5769,0.6077,0.1077,0.0,0.8846,0.0,1.6,0.1615,6.4153,0.3308,0,0,0,0,0,0,0,0,0,0,0,0,0,0,0,0,0,0,0,0,296,139,9.3,4.3,1990
56,WYOMING,WY,56013,Fremont,56013000300,"Census Tract 3, Fremont County, Wyoming",4752.65164399311,4459,351,2506,100,2002,135,336,121,119,51,37538,3976,220,73,1021,131,700,118,681,166,71,34,455,470,0,48,85,34,268,82,11,11,98,51,76,69,7.7,2.8,4.8,2.0,37538.0,3976.0,6.5,2.1,22.9,3.0,15.7,2.3,15.5,3.6,3.5,1.7,10.2,10.5,0.0,1.1,3.4,1.4,10.7,3.3,0.5,0.6,4.9,2.5,1.7,1.5,0.3,0.5923,0.1846,0.4538,1.5307,0.3538,0.8923,0.1,0.7385,0.1385,1.8693,0.4,0.3154,0.0,0.3154,0.1769,0.5692,0.5,0.2231,0.7615,0.6462,2.7,0.6462,6.4154,0.3385,0,0,0,0,0,0,0,0,0,0,0,0,0,0,0,0,0,0,0,0,557,178,12.6,3.8,3384
56,WYOMING,WY,56021,Laramie,56021001501,"Census Tract 15.01, Laramie County, Wyoming",6.462193807224,5254,385,2323,118,2160,165,180,117,118,73,30755,2921,199,108,766,132,1157,180,458,151,120,94,1481,557,51,89,123,75,215,116,15,28,104,80,5,6,3.4,2.3,3.8,2.4,30755.0,2921.0,5.2,3.0,14.6,2.3,22.0,3.0,8.8,2.9,5.6,4.4,28.2,10.4,1.0,1.8,5.3,3.2,9.3,5.0,0.7,1.3,4.8,3.7,0.1,0.1,0.0462,0.4385,0.5154,0.2769,1.277,0.2308,0.4462,0.4231,0.1308,0.3231,1.3232,0.1308,0.9154,0.6692,1.5846,0.8615,0.6538,0.4231,0.2462,0.7385,0.2154,2.277,0.3923,6.4618,0.3462,0,0,0,0,0,0,0,0,0,0,1,0,1,0,0,0,0,0,0,1,416,194,8.0,3.7,2790
56,WYOMING,WY,56033,Sheridan,56033000300,"Census Tract 3, Sheridan County, Wyoming",1.707922583102,3682,276,1935,103,1798,143,368,129,47,41,33660,3543,135,78,714,123,824,166,588,130,123,79,317,388,0,48,310,88,8,13,6,16,209,96,11,13,10.0,3.5,2.6,2.3,33660.0,3543.0,5.4,3.1,19.4,3.2,22.4,4.2,16.0,3.6,6.8,4.4,8.6,10.5,0.0,1.4,16.0,4.5,0.4,0.7,0.3,0.9,11.6,5.1,0.3,0.4,0.4846,0.2385,0.3231,0.3,1.3462,0.2769,0.7308,0.4769,0.7538,0.4923,2.4538,0.7846,0.2154,0.0,0.2154,0.1231,0.9077,0.0923,0.1615,0.9538,0.3846,2.4999,0.5231,6.5153,0.3538,0,0,0,0,0,0,0,0,0,0,0,0,0,1,0,0,1,0,2,2,396,149,10.8,4.0,5523
56,WYOMING,WY,56001,Albany,56001963100,"Census Tract 9631, Albany County, Wyoming",2.703146048138,8046,526,3588,165,3212,229,1713,415,174,140,30401,2962,150,148,914,116,1759,257,653,198,124,81,1760,759,75,97,807,215,11,19,134,110,53,32,0,17,21.3,4.4,3.7,2.9,30401.0,2962.0,3.5,3.4,11.4,1.5,21.9,2.9,8.1,2.3,3.9,2.5,21.9,9.3,1.0,1.3,22.5,5.9,0.3,0.5,4.2,3.4,1.7,1.0,0.0,0.2,0.9231,0.4077,0.5462,0.1462,2.0232,0.5462,0.2385,0.4154,0.0692,0.1615,0.8846,0.0385,0.8385,0.6692,1.5077,0.8154,0.9769,0.0692,0.8692,0.2846,0.0,2.1999,0.3462,6.6154,0.3615,1,0,0,0,1,0,0,0,0,0,0,0,0,1,0,0,0,0,1,2,229,142,2.8,1.8,4141
56,WYOMING,WY,56037,Sweetwater,56037970901,"Census Tract 9709.01, Sweetwater County, Wyoming",43.037290319832,7872,680,3024,157,2608,242,846,456,125,134,32214,3698,288,129,590,158,2550,312,849,389,185,109,1022,1007,33,78,157,115,1001,223,37,58,0,17,6,4,10.7,5.5,3.0,3.2,32214.0,3698.0,6.1,2.6,7.5,2.1,32.4,2.8,10.8,5.1,7.1,4.1,13.0,12.8,0.4,1.1,5.2,3.8,33.1,6.8,1.4,2.2,0.0,1.2,0.1,0.1,0.5385,0.3,0.3923,0.4,1.6308,0.3846,0.0615,0.9846,0.2385,0.5154,1.8,0.3154,0.4923,0.4385,0.9308,0.4923,0.6385,0.9077,0.4923,0.0,0.2154,2.2539,0.3692,6.6155,0.3692,0,0,0,0,0,0,1,0,0,1,0,0,0,0,1,0,0,0,1,2,765,425,9.7,5.3,5552
56,WYOMING,WY,56013,Fremont,56013940201,"Census Tract 9402.01, Fremont County, Wyoming",673.050897510876,3891,269,1716,72,1437,81,321,121,90,35,32770,3941,199,53,604,80,1018,140,452,80,105,38,550,359,25,45,0,17,367,76,24,15,23,18,0,12,8.3,3.1,4.6,1.7,32770.0,3941.0,7.7,2.1,15.5,2.2,26.2,3.1,11.6,1.9,7.3,2.6,14.1,9.2,0.7,1.2,0.0,1.0,21.4,4.4,1.7,1.1,1.6,1.2,0.0,0.3,0.3615,0.5462,0.3692,0.5846,1.8615,0.4692,0.5077,0.7077,0.3308,0.5385,2.0847,0.5462,0.5538,0.5769,1.1307,0.6154,0.0,0.7385,0.5692,0.2462,0.0,1.5539,0.1538,6.6308,0.3769,0,0,0,0,0,0,0,0,0,0,0,0,0,0,0,0,0,0,0,0,563,107,14.5,2.8,2162
56,WYOMING,WY,56031,Platte,56031959400,"Census Tract 9594, Platte County, Wyoming",1198.762992661646,6480,283,3381,142,2916,176,556,249,69,54,32414,6307,293,141,1590,97,1312,173,922,190,194,118,698,398,49,84,43,49,347,131,10,27,83,67,100,51,8.7,3.9,2.0,1.6,32414.0,6307.0,6.2,2.9,24.5,1.8,20.2,2.5,14.4,3.1,6.7,4.0,10.8,6.1,0.8,1.4,1.3,1.4,10.3,3.9,0.3,0.9,2.8,2.3,1.5,0.8,0.4,0.1385,0.3769,0.4077,1.3231,0.2615,0.9308,0.2385,0.6462,0.4769,2.2924,0.7,0.3385,0.6231,0.9616,0.5231,0.4231,0.4846,0.1615,0.4769,0.5769,2.123,0.3077,6.7001,0.3846,0,0,0,0,0,1,0,0,0,1,0,0,0,0,0,0,0,0,0,1,649,235,10.2,3.6,6273
56,WYOMING,WY,56001,Albany,56001963400,"Census Tract 9634, Albany County, Wyoming",0.511864301746,3402,336,2001,102,1740,131,1320,286,66,42,21107,2758,86,66,217,58,270,113,299,108,19,25,624,479,10,49,352,128,0,12,11,20,204,111,72,71,39.6,6.7,3.1,1.9,21107.0,2758.0,5.8,4.3,6.4,1.7,7.9,3.2,8.9,3.0,1.1,1.5,18.3,14.0,0.3,1.5,17.6,6.3,0.0,1.6,0.6,1.1,11.7,6.2,2.1,2.1,0.9923,0.3308,0.9538,0.3538,2.6307,0.7308,0.0462,0.0077,0.1385,0.0231,0.2155,0.0,0.7154,0.3923,1.1077,0.6,0.9231,0.0,0.2308,0.9692,0.6846,2.8077,0.6923,6.7616,0.3923,1,0,1,0,2,0,0,0,0,0,0,0,0,1,0,0,1,0,2,4,225,102,6.7,2.8,3056
56,WYOMING,WY,56005,Campbell,56005000700,"Census Tract 7, Campbell County, Wyoming",2249.645020079194,8130,654,3639,181,3107,247,971,474,358,157,32950,3430,375,207,842,264,1928,307,1036,309,197,127,435,912,0,68,54,67,1227,177,29,31,167,90,7,16,12.1,5.6,7.6,3.1,32950.0,3430.0,6.9,3.9,10.4,3.4,23.7,3.3,12.7,4.0,6.3,4.1,5.4,11.2,0.0,0.9,1.5,1.9,33.7,5.1,0.9,1.0,5.4,2.9,0.1,0.2,0.6385,0.8385,0.3615,0.5231,2.3616,0.6231,0.1923,0.5615,0.4692,0.4077,1.6307,0.2308,0.0538,0.0,0.0538,0.0462,0.4462,0.9308,0.3538,0.7769,0.2154,2.7231,0.6538,6.7692,0.4,0,0,0,0,0,0,0,0,0,0,0,0,0,0,1,0,0,0,1,1,995,361,12.2,4.5,5365
56,WYOMING,WY,56023,Lincoln,56023978200,"Census Tract 9782, Lincoln County, Wyoming",2407.342912458262,1843,239,1093,57,633,79,106,45,17,14,25206,4268,123,62,306,113,523,113,219,79,35,22,187,337,23,54,2,12,353,74,6,7,0,12,1,4,5.8,2.5,2.1,1.8,25206.0,4268.0,10.4,4.9,16.6,5.7,28.4,4.9,11.9,4.2,5.5,3.4,10.1,18.3,1.4,3.2,0.2,1.1,32.3,6.8,0.9,1.2,0.0,5.0,0.1,0.2,0.1615,0.1462,0.8077,0.8308,1.9462,0.5154,0.5769,0.8692,0.3462,0.3,2.0923,0.5538,0.2923,0.7692,1.0615,0.5769,0.2385,0.8923,0.3538,0.0,0.2154,1.7,0.1923,6.8,0.4077,0,0,0,0,0,0,0,0,0,0,0,0,0,0,0,0,0,0,0,0,228,71,12.4,3.8,2016
56,WYOMING,WY,56001,Albany,56001963700,"Census Tract 9637, Albany County, Wyoming",12.538614573352,6653,391,3208,125,2966,200,1945,427,141,92,26697,3365,98,98,492,121,1250,176,505,198,117,86,1251,629,72,116,717,157,37,54,110,82,107,64,8,7,29.2,6.2,3.6,2.4,26697.0,3365.0,3.0,3.0,7.4,1.7,18.8,2.4,7.6,3.0,3.9,2.9,18.8,9.4,1.2,1.9,22.4,4.8,1.2,1.7,3.7,2.8,3.6,2.1,0.1,0.1,0.9769,0.3923,0.7385,0.0692,2.1769,0.5769,0.0538,0.1692,0.0462,0.1615,0.4307,0.0077,0.7308,0.7385,1.4693,0.8077,0.9692,0.1462,0.8154,0.5846,0.2154,2.7308,0.6615,6.8077,0.4154,1,0,0,0,1,0,0,0,0,0,0,0,0,1,0,0,0,0,1,2,452,191,6.8,2.9,4887
56,WYOMING,WY,56023,Lincoln,56023978400,"Census Tract 9784, Lincoln County, Wyoming",46.766463436668,3646,195,1850,112,1560,104,261,118,16,15,31934,2967,150,62,559,86,993,143,431,99,85,43,421,288,37,58,43,31,217,70,31,28,55,32,44,17,7.2,3.2,0.8,0.8,31934.0,2967.0,6.2,2.5,15.3,2.6,27.2,3.6,12.0,2.6,5.4,2.8,11.5,7.9,1.1,1.8,2.3,1.7,11.7,3.7,2.0,1.8,3.5,2.0,1.2,0.5,0.2615,0.0385,0.4308,0.4077,1.1385,0.1769,0.4923,0.7923,0.3692,0.2615,1.9153,0.4308,0.3846,0.7231,1.1077,0.6,0.4769,0.5154,0.6154,0.5692,0.5,2.6769,0.6231,6.8384,0.4231,0,0,0,0,0,0,0,0,0,0,0,0,0,0,0,0,0,0,0,0,242,99,6.7,2.7,4150
56,WYOMING,WY,56035,Sublette,56035000101,"Census Tract 1.01, Sublette County, Wyoming",2500.849867022262,3402,527,2217,119,1082,189,174,138,44,45,33274,5270,174,125,740,207,970,281,348,148,57,55,419,722,26,60,8,18,440,115,16,32,12,13,73,83,5.2,4.0,2.4,2.4,33274.0,5270.0,8.0,5.5,21.8,5.6,28.5,7.0,10.2,4.0,5.3,5.1,12.3,21.1,0.8,1.9,0.4,0.8,19.8,5.0,1.5,3.0,1.1,1.2,2.1,2.4,0.1154,0.2,0.3462,0.6154,1.277,0.2308,0.8462,0.8769,0.2154,0.2462,2.1847,0.6231,0.4308,0.6231,1.0539,0.5692,0.2615,0.7077,0.5308,0.1615,0.6846,2.3461,0.4385,6.8617,0.4308,0,0,0,0,0,0,0,0,0,0,0,0,0,0,0,0,0,0,0,0,383,203,11.3,5.4,3211
56,WYOMING,WY,56013,Fremont,56013000200,"Census Tract 2, Fremont County, Wyoming",7.165004466968,3710,349,1620,132,1531,133,263,111,42,52,29155,3420,114,77,783,133,962,197,450,124,122,61,406,500,9,48,54,35,73,57,28,28,73,57,6,5,7.1,2.9,2.3,2.9,29155.0,3420.0,4.4,2.9,21.1,3.8,25.9,4.7,12.2,3.3,8.0,3.9,10.9,13.4,0.3,1.4,3.3,2.1,4.5,3.5,1.8,1.8,4.8,3.5,0.2,0.1,0.2462,0.1769,0.6231,0.2,1.2462,0.2231,0.8154,0.6769,0.4154,0.5846,2.4923,0.8154,0.3538,0.3923,0.7461,0.3692,0.5615,0.2615,0.5846,0.7385,0.3077,2.4538,0.4923,6.9384,0.4385,0,0,0,0,0,0,0,0,0,0,0,0,0,0,0,0,0,0,0,0,244,108,6.6,3.0,3398
56,WYOMING,WY,56017,Hot Springs,56017967800,"Census Tract 9678, Hot Springs County, Wyoming",2.041844056108,2877,172,1534,96,1336,118,358,170,47,38,30444,2964,114,56,741,103,652,112,459,130,84,46,136,232,0,48,10,21,146,63,19,28,28,24,92,51,12.9,6.0,3.3,2.6,30444.0,2964.0,5.4,2.7,25.8,3.9,22.7,3.6,16.4,4.8,6.3,3.5,4.7,8.1,0.0,1.8,0.7,1.4,9.5,4.0,1.4,2.1,2.1,1.8,3.2,1.8,0.6692,0.3538,0.5385,0.3,1.8615,0.4692,0.9615,0.4846,0.7923,0.4077,2.6461,0.8769,0.0231,0.0,0.0231,0.0154,0.3308,0.4385,0.4923,0.3615,0.7846,2.4077,0.4538,6.9384,0.4385,0,0,0,0,0,1,0,0,0,1,0,0,0,0,0,0,0,0,0,1,276,102,9.9,3.6,3092
56,WYOMING,WY,56039,Teton,56039967800,"Census Tract 9678, Teton County, Wyoming",30.046009375578,8924,715,4257,241,3498,268,433,298,51,57,47851,7235,579,282,759,229,2239,358,575,280,306,185,2368,952,489,256,353,172,36,58,356,191,136,93,15,10,4.9,3.2,0.9,1.0,47851.0,7235.0,9.2,4.5,8.5,2.6,25.1,3.5,6.4,3.1,8.7,5.3,26.5,10.5,5.9,3.1,8.3,4.0,0.8,1.4,10.2,5.4,3.9,2.7,0.2,0.1,0.0923,0.0538,0.0231,0.7154,0.8846,0.1154,0.0923,0.6462,0.0231,0.6462,1.4078,0.1538,0.8769,0.9923,1.8692,0.9769,0.7462,0.1231,0.9846,0.6231,0.3077,2.7847,0.6846,6.9463,0.4538,0,0,0,0,0,0,0,0,0,0,0,1,1,0,0,1,0,0,1,2,1103,603,12.4,6.8,10401
56,WYOMING,WY,56039,Teton,56039967701,"Census Tract 9677.01, Teton County, Wyoming",23.551979527944,2932,482,1268,151,1092,149,212,137,90,75,47565,11112,63,45,281,125,647,251,109,99,89,69,497,653,105,82,320,115,50,44,36,35,44,46,58,49,7.3,4.7,4.7,3.8,47565.0,11112.0,3.0,2.2,9.6,4.4,22.1,7.8,3.8,3.3,8.2,6.3,17.0,22.1,3.9,3.0,25.2,8.6,3.9,3.4,3.3,3.2,4.0,4.3,2.0,1.6,0.2769,0.5692,0.0308,0.0692,0.9461,0.1231,0.1385,0.4308,0.0077,0.6,1.177,0.0846,0.6615,0.9538,1.6153,0.8923,0.9846,0.2385,0.8,0.6385,0.6615,3.3231,0.8846,7.0615,0.4615,0,0,0,0,0,0,0,0,0,0,0,1,1,1,0,0,0,0,1,2,390,232,13.5,7.4,5562
56,WYOMING,WY,56005,Campbell,56005000400,"Census Tract 4, Campbell County, Wyoming",1.441772821952,3501,371,1952,107,1588,173,318,241,121,79,37004,5783,223,107,439,91,760,208,265,88,92,66,609,484,60,67,230,100,268,105,17,26,36,43,4,28,9.1,6.7,6.0,3.8,37004.0,5783.0,9.0,4.2,12.5,2.5,21.7,5.5,7.6,2.5,5.8,4.1,17.4,13.7,1.8,2.0,11.8,5.1,13.7,5.2,1.1,1.7,2.3,2.7,0.1,0.8,0.4231,0.7308,0.2077,0.6846,2.0462,0.5538,0.3,0.3846,0.0462,0.3538,1.0846,0.0615,0.6846,0.8308,1.5154,0.8231,0.8308,0.5692,0.4077,0.4077,0.2154,2.4308,0.4692,7.077,0.4692,0,0,0,0,0,0,0,0,0,0,0,0,0,0,0,0,0,0,0,0,818,217,23.4,5.8,8600
56,WYOMING,WY,56025,Natrona,56025000901,"Census Tract 9.01, Natrona County, Wyoming",2.15936616897,5257,502,2147,79,1848,117,724,313,97,56,31965,4179,169,87,604,134,1698,317,469,112,268,113,893,702,0,68,388,111,6,11,18,28,155,88,0,17,13.8,5.8,3.8,2.1,31965.0,4179.0,5.2,2.6,11.5,2.7,32.3,5.2,8.9,2.0,14.5,6.1,17.0,13.3,0.0,1.4,18.1,5.1,0.3,0.5,1.0,1.5,8.4,4.7,0.0,0.3,0.7154,0.4385,0.4231,0.2769,1.8539,0.4615,0.2538,0.9692,0.1385,0.9231,2.2846,0.6846,0.6615,0.0,0.6615,0.2923,0.9308,0.0692,0.3846,0.9,0.0,2.2846,0.4,7.0846,0.4769,0,0,0,0,0,0,1,0,1,2,0,0,0,1,0,0,1,0,2,4,554,230,10.6,4.2,3667
56,WYOMING,WY,56037,Sweetwater,56037971100,"Census Tract 9711, Sweetwater County, Wyoming",4.627037487654,3847,418,1638,89,1396,144,270,144,14,23,31777,3928,316,182,482,83,899,178,385,133,152,78,701,572,129,156,51,46,160,83,10,20,8,14,62,43,7.2,3.8,0.7,1.1,31777.0,3928.0,12.2,6.6,12.5,2.5,23.4,3.9,10.1,3.4,10.9,5.5,18.2,14.7,3.6,4.3,3.1,2.8,9.8,5.1,0.7,1.4,0.6,1.0,1.6,1.1,0.2615,0.0308,0.4462,0.9,1.6385,0.4,0.3,0.5308,0.2077,0.7769,1.8154,0.3385,0.7077,0.9462,1.6539,0.9077,0.5308,0.4615,0.2462,0.1231,0.6154,1.977,0.2692,7.0848,0.4846,0,0,0,1,1,0,0,0,0,0,0,1,1,0,0,0,0,0,0,2,526,224,13.9,5.7,2783
56,WYOMING,WY,56017,Hot Springs,56017967900,"Census Tract 9679, Hot Springs County, Wyoming",2002.386344457308,1803,172,1031,66,873,74,299,127,11,9,35415,5303,86,34,424,80,248,85,254,68,9,10,156,223,10,48,64,20,211,53,11,15,54,26,23,29,17.0,6.7,1.2,1.0,35415.0,5303.0,5.9,2.2,23.5,4.8,13.8,4.5,14.2,3.9,1.0,1.1,8.7,12.4,0.6,2.8,6.2,1.9,20.5,5.1,1.3,1.8,6.2,2.9,1.3,1.6,0.8154,0.0846,0.2846,0.3692,1.5538,0.3615,0.9231,0.0385,0.6,0.0154,1.577,0.2,0.2308,0.5154,0.7462,0.3769,0.6923,0.7308,0.4462,0.8231,0.5231,3.2155,0.8385,7.0925,0.4923,0,0,0,0,0,1,0,0,0,1,0,0,0,0,0,0,0,0,0,1,230,127,12.9,6.7,1370
56,WYOMING,WY,56021,Laramie,56021000600,"Census Tract 6, Laramie County, Wyoming",1.220468035898,5815,390,2939,94,2625,191,650,307,124,100,30556,2595,264,108,952,130,1129,212,636,167,253,102,916,552,3,66,263,127,0,17,11,27,120,100,227,89,11.6,5.6,3.7,3.0,30556.0,2595.0,6.7,2.7,16.4,2.2,19.4,3.4,11.4,2.8,9.6,3.8,15.8,9.4,0.1,1.2,8.9,4.3,0.0,1.1,0.4,1.0,4.6,3.8,3.9,1.5,0.6077,0.4077,0.5231,0.4769,2.0154,0.5385,0.5692,0.1846,0.3,0.7,1.7538,0.2846,0.6231,0.3154,0.9385,0.5077,0.7538,0.0,0.1923,0.6923,0.8231,2.4615,0.5077,7.1692,0.5,0,0,0,0,0,0,0,0,0,0,0,0,0,0,0,0,0,0,0,0,318,174,5.7,3.1,5167
56,WYOMING,WY,56033,Sheridan,56033000600,"Census Tract 6, Sheridan County, Wyoming",951.179386337926,5144,395,2372,130,2012,142,281,119,73,52,30875,3194,238,85,1057,160,1397,225,481,114,165,76,412,546,19,66,120,57,216,82,43,34,11,11,351,111,5.8,2.3,3.1,2.0,30875.0,3194.0,6.9,2.3,20.5,2.9,27.2,3.8,9.8,2.4,8.2,3.8,8.0,10.6,0.4,1.4,5.1,2.4,9.1,3.4,2.1,1.7,0.5,0.6,6.8,2.1,0.1615,0.3308,0.5077,0.5231,1.5231,0.3462,0.7846,0.7923,0.1923,0.6,2.3692,0.7231,0.1538,0.4385,0.5923,0.2692,0.6308,0.4077,0.6615,0.0923,0.9,2.6923,0.6385,7.1769,0.5077,0,0,0,0,0,0,0,0,0,0,0,0,0,0,0,0,0,1,1,1,449,193,9.2,3.6,5223
56,WYOMING,WY,56021,Laramie,56021000501,"Census Tract 5.01, Laramie County, Wyoming",2.356633016708,8714,536,3311,103,3157,157,948,404,290,144,31518,3695,309,148,1230,211,2126,325,1419,358,477,169,1837,781,0,68,106,95,96,72,30,35,30,34,17,26,11.0,4.7,6.2,3.1,31518.0,3695.0,5.5,2.6,14.1,2.3,24.4,3.4,16.8,4.0,15.1,5.3,21.1,8.9,0.0,0.8,3.2,2.9,2.9,2.2,1.0,1.1,1.0,1.1,0.2,0.3,0.5538,0.7538,0.4692,0.3231,2.0999,0.5615,0.3923,0.5846,0.8077,0.9462,2.7308,0.9077,0.8,0.0,0.8,0.4077,0.5385,0.2231,0.3846,0.1538,0.3077,1.6077,0.1769,7.2384,0.5154,0,0,0,0,0,0,0,0,1,1,0,0,0,0,0,0,0,0,0,1,606,304,7.2,3.5,4118
56,WYOMING,WY,56003,Big Horn,56003962600,"Census Tract 9626, Big Horn County, Wyoming",1521.399608072428,3142,294,1390,57,1151,82,309,128,30,37,23172,2228,234,92,732,96,626,136,487,115,20,20,215,410,3,47,9,18,173,56,7,16,49,28,164,81,10.4,4.1,2.1,2.6,23172.0,2228.0,10.3,3.9,23.3,3.4,19.9,3.9,16.3,3.4,1.7,1.8,6.8,13.0,0.1,1.6,0.6,1.3,12.4,4.1,0.6,1.4,4.3,2.4,5.2,2.5,0.5077,0.1462,0.9,0.8154,2.3693,0.6308,0.9077,0.2231,0.7769,0.0308,1.9385,0.4615,0.1,0.3154,0.4154,0.2077,0.3077,0.5385,0.2308,0.6692,0.8538,2.6,0.5769,7.3232,0.5231,0,0,1,0,1,1,0,0,0,1,0,0,0,0,0,0,0,0,0,2,560,157,18.7,5.2,2288
56,WYOMING,WY,56007,Carbon,56007968100,"Census Tract 9681, Carbon County, Wyoming",2666.782875291152,1628,271,1358,68,717,89,215,78,0,12,22723,3791,133,77,401,91,425,152,331,80,16,17,77,380,0,48,0,17,324,60,14,13,35,29,0,12,13.2,4.9,0.0,5.0,22723.0,3791.0,12.0,6.6,24.6,6.9,26.1,8.3,20.4,5.3,2.2,2.5,4.7,23.4,0.0,3.0,0.0,1.3,23.9,4.5,2.0,1.9,4.9,4.0,0.0,0.7,0.6769,0.0,0.9154,0.8769,2.4692,0.6615,0.9385,0.7,0.9538,0.0615,2.6538,0.8846,0.0231,0.0,0.0231,0.0154,0.0,0.8077,0.6154,0.7615,0.0,2.1846,0.3385,7.3307,0.5308,0,0,1,0,1,1,0,1,0,2,0,0,0,0,0,0,0,0,0,3,129,54,7.9,3.1,812
56,WYOMING,WY,56001,Albany,56001963000,"Census Tract 9630, Albany County, Wyoming",1.389806581568,2351,216,1305,77,1153,105,696,184,100,80,17581,2353,46,37,184,55,333,94,347,110,30,36,459,320,0,48,154,81,74,49,0,17,110,63,64,22,30.4,7.1,7.1,5.5,17581.0,2353.0,3.4,2.8,7.8,2.5,14.2,3.8,14.8,4.6,2.6,3.1,19.5,13.5,0.0,2.3,11.8,6.2,5.7,3.7,0.0,1.5,9.5,5.5,2.7,0.9,0.9846,0.8077,0.9923,0.1385,2.9231,0.8308,0.0769,0.0615,0.6692,0.0769,0.8845,0.0308,0.7538,0.0,0.7538,0.3846,0.8308,0.3077,0.0,0.9462,0.7538,2.8385,0.7231,7.3999,0.5385,1,0,1,0,2,0,0,0,0,0,0,0,0,0,0,0,1,0,1,3,414,160,17.6,6.6,2406
56,WYOMING,WY,56015,Goshen,56015958000,"Census Tract 9580, Goshen County, Wyoming",1161.426859763286,2556,266,1379,102,1040,103,296,136,33,29,27298,3418,184,125,594,115,447,132,387,119,30,27,360,361,100,110,0,17,189,83,2,5,17,14,107,44,12.1,5.3,2.5,2.2,27298.0,3418.0,9.8,6.4,23.2,4.8,17.5,4.8,15.1,4.5,2.9,2.7,14.1,14.1,4.0,4.4,0.0,1.2,13.7,5.9,0.2,0.6,1.6,1.3,4.2,1.7,0.6385,0.2154,0.7154,0.7615,2.3308,0.6154,0.9,0.1077,0.6923,0.0846,1.7846,0.3,0.5538,0.9692,1.523,0.8308,0.0,0.5692,0.1462,0.2462,0.8308,1.7924,0.2154,7.4308,0.5462,0,0,0,0,0,1,0,0,0,1,0,1,1,0,0,0,0,0,0,2,369,160,14.4,6.2,1354
56,WYOMING,WY,56005,Campbell,56005000200,"Census Tract 2, Campbell County, Wyoming",34.353593018268,7922,682,2829,142,2566,167,1164,581,43,36,31328,3629,270,155,474,133,2505,388,505,155,312,155,1065,929,75,112,15,30,530,177,140,117,14,23,235,118,15.1,7.3,1.1,0.9,31328.0,3629.0,5.7,3.1,6.0,1.7,31.6,4.1,6.5,1.8,12.2,6.0,13.4,11.7,1.0,1.6,0.5,1.1,18.7,6.3,5.5,4.6,0.5,0.9,3.0,1.5,0.7538,0.0692,0.4769,0.3462,1.6461,0.4077,0.0308,0.9538,0.0308,0.8308,1.8462,0.3692,0.5077,0.6692,1.1769,0.6462,0.2923,0.6923,0.9231,0.0923,0.7692,2.7692,0.6769,7.4384,0.5538,0,0,0,0,0,0,1,0,0,1,0,0,0,0,0,1,0,0,1,2,231,137,3.0,1.8,5503
56,WYOMING,WY,56033,Sheridan,56033000100,"Census Tract 1, Sheridan County, Wyoming",5.014106287062,5105,362,2522,127,2327,160,312,193,54,42,31072,4024,282,111,1067,132,948,175,715,165,122,80,518,529,17,71,241,107,173,75,31,37,206,98,554,116,6.8,4.1,2.1,1.7,31072.0,4024.0,8.0,3.0,20.9,3.0,18.6,3.2,14.3,3.3,5.2,3.4,10.1,10.4,0.4,1.5,9.6,4.2,6.9,3.0,1.3,1.6,8.9,4.2,10.9,2.1,0.2308,0.1462,0.4923,0.6154,1.4847,0.3231,0.8077,0.1538,0.6231,0.2308,1.8154,0.3385,0.2923,0.4385,0.7308,0.3462,0.7923,0.3462,0.4462,0.9308,0.9462,3.4617,0.9308,7.4926,0.5615,0,0,0,0,0,0,0,0,0,0,0,0,0,0,0,0,1,1,2,2,422,144,8.4,2.9,8700
56,WYOMING,WY,56021,Laramie,56021001402,"Census Tract 14.02, Laramie County, Wyoming",4.908702371572,2714,203,1115,32,1040,56,203,127,79,57,37862,5206,73,40,704,84,588,107,310,81,37,26,329,270,3,46,243,59,0,12,16,26,96,38,208,79,8.1,4.9,6.8,4.8,37862.0,5206.0,3.9,2.0,25.9,2.9,21.7,3.6,12.6,3.2,3.6,2.5,12.1,9.9,0.1,1.8,21.8,5.3,0.0,2.9,1.5,2.6,9.2,3.6,7.7,2.9,0.3462,0.7846,0.1769,0.1769,1.4846,0.3154,0.9769,0.3846,0.4615,0.1462,1.9692,0.4769,0.4231,0.3154,0.7385,0.3615,0.9538,0.0,0.5308,0.9385,0.9077,3.3308,0.8923,7.5231,0.5692,0,0,0,0,0,1,0,0,0,1,0,0,0,1,0,0,1,1,3,4,115,85,4.7,3.4,6331
56,WYOMING,WY,56009,Converse,56009956400,"Census Tract 9564, Converse County, Wyoming",46.771221757716,4831,550,2417,196,1959,218,377,239,48,49,29385,3697,327,156,834,156,1163,288,527,211,101,87,973,776,0,48,222,150,443,211,73,83,54,42,60,43,7.9,4.7,2.1,2.1,29385.0,3697.0,10.2,5.0,17.3,3.6,24.1,5.3,11.0,4.4,5.2,4.4,20.1,15.9,0.0,1.1,9.2,6.2,18.3,8.1,3.7,4.3,2.8,2.2,1.2,0.9,0.3308,0.1462,0.6,0.8,1.877,0.4846,0.6077,0.5692,0.2769,0.2308,1.6846,0.2615,0.7692,0.0,0.7692,0.4,0.7692,0.6846,0.8154,0.4769,0.5,3.2461,0.8462,7.5769,0.5769,0,0,0,0,0,0,0,0,0,0,0,0,0,0,0,0,0,0,0,0,322,207,6.7,4.4,5691
56,WYOMING,WY,56019,Johnson,56019955200,"Census Tract 9552, Johnson County, Wyoming",25.344981617256,5942,323,2993,154,2714,211,793,265,141,107,34064,6018,147,111,1345,94,1386,139,922,203,195,103,504,471,0,68,202,119,349,128,20,36,342,163,93,58,13.6,4.8,4.7,3.6,34064.0,6018.0,3.5,2.7,22.6,1.6,23.3,2.0,15.7,3.6,7.2,3.8,8.5,7.9,0.0,1.2,6.7,4.0,11.7,4.2,0.7,1.3,12.6,6.0,1.6,1.0,0.7,0.5692,0.3,0.1462,1.7154,0.4154,0.8769,0.5231,0.7462,0.5231,2.6693,0.9,0.2077,0.0,0.2077,0.1154,0.7077,0.5154,0.2462,0.9846,0.6154,3.0693,0.8077,7.6617,0.5846,0,0,0,0,0,0,0,0,0,0,0,0,0,0,0,0,1,0,1,1,959,340,16.4,5.8,6603
56,WYOMING,WY,56037,Sweetwater,56037971600,"Census Tract 9716, Sweetwater County, Wyoming",8177.025037736844,1260,271,1093,104,558,104,81,40,43,30,32189,4938,63,39,178,64,295,115,206,66,81,52,138,379,3,46,0,17,493,95,25,15,12,17,1,5,6.4,3.2,6.2,4.0,32189.0,4938.0,7.1,4.2,14.1,4.7,23.4,7.6,16.3,4.4,14.5,9.1,11.0,30.0,0.2,3.8,0.0,1.6,45.1,7.5,4.5,2.7,2.2,3.0,0.1,0.4,0.2,0.7538,0.4,0.5385,1.8923,0.4923,0.3923,0.5308,0.7769,0.9231,2.6231,0.8615,0.3615,0.3538,0.7153,0.3154,0.0,0.9692,0.8769,0.3846,0.2154,2.4461,0.4769,7.6768,0.5923,0,0,0,0,0,0,0,0,1,1,0,0,0,0,1,0,0,0,1,2,117,57,9.3,4.4,3337
56,WYOMING,WY,56021,Laramie,56021001401,"Census Tract 14.01, Laramie County, Wyoming",1.53416664445,3996,273,1643,101,1520,119,373,186,80,48,33610,4461,142,60,581,67,990,104,398,129,118,61,766,386,57,81,46,45,29,32,48,47,56,42,80,46,9.6,4.8,4.1,2.3,33610.0,4461.0,5.4,2.3,14.5,1.9,24.8,2.0,10.4,3.3,7.8,4.0,19.2,9.6,1.5,2.2,2.8,2.8,1.8,2.0,3.2,3.1,3.7,2.7,2.0,1.1,0.4615,0.5,0.3308,0.3,1.5923,0.3692,0.4308,0.6,0.2231,0.5769,1.8308,0.3538,0.7462,0.7769,1.5231,0.8385,0.5077,0.2077,0.7846,0.6,0.6615,2.7615,0.6692,7.7077,0.6,0,0,0,0,0,0,0,0,0,0,0,0,0,0,0,0,0,0,0,0,287,135,7.5,3.4,3281
56,WYOMING,WY,56037,Sweetwater,56037971000,"Census Tract 9710, Sweetwater County, Wyoming",48.656089095888,2003,222,976,67,788,85,207,90,146,90,36199,10679,157,76,238,50,428,94,289,98,47,26,310,307,37,58,8,15,196,77,25,26,11,12,0,12,10.4,4.6,12.5,7.2,36199.0,10679.0,11.1,5.2,11.9,2.5,21.4,4.0,14.4,4.9,6.0,3.4,15.5,15.2,2.0,3.1,0.8,1.5,20.1,7.5,3.2,3.4,1.4,1.5,0.0,0.6,0.5077,0.9769,0.2308,0.8538,2.5692,0.7,0.2769,0.3615,0.6462,0.3769,1.6615,0.2462,0.6077,0.8462,1.4539,0.8,0.3615,0.7231,0.7846,0.2,0.0,2.0692,0.3,7.7538,0.6077,0,1,0,0,1,0,0,0,0,0,0,0,0,0,0,0,0,0,0,1,348,139,17.4,6.6,1081
56,WYOMING,WY,56015,Goshen,56015957800,"Census Tract 9578, Goshen County, Wyoming",15.544789687374,3773,333,1677,83,1444,125,425,222,192,102,29313,6215,181,81,673,145,837,184,424,110,89,65,692,444,0,48,51,37,215,76,20,24,17,19,196,108,11.8,6.1,9.6,4.9,29313.0,6215.0,7.2,3.0,17.8,3.7,22.2,4.5,11.4,2.6,6.2,4.5,18.3,11.7,0.0,1.4,3.0,2.2,12.8,4.5,1.4,1.7,1.2,1.3,5.2,2.8,0.6308,0.9308,0.6154,0.5538,2.7308,0.7846,0.6462,0.4462,0.3,0.4,1.7924,0.3077,0.7154,0.0,0.7154,0.3231,0.5154,0.5538,0.4923,0.1769,0.8538,2.5922,0.5692,7.8308,0.6154,0,1,0,0,1,0,0,0,0,0,0,0,0,0,0,0,0,0,0,1,557,309,14.9,7.9,5221
56,WYOMING,WY,56023,Lincoln,56023978100,"Census Tract 9781, Lincoln County, Wyoming",112.471538468834,6947,487,2516,86,2159,108,919,342,231,116,23030,2065,208,103,1092,246,2243,317,749,177,226,95,541,703,0,68,22,29,269,108,117,72,36,47,45,25,13.4,4.9,7.0,3.4,23030.0,2065.0,5.1,2.6,15.7,3.6,32.3,4.0,10.9,2.5,10.5,4.4,7.8,10.1,0.0,1.0,0.9,1.2,10.7,4.3,5.4,3.3,1.7,2.2,0.6,0.4,0.6923,0.8,0.9077,0.2692,2.6692,0.7462,0.5231,0.9692,0.2615,0.7538,2.5076,0.8308,0.1462,0.0,0.1462,0.0923,0.3769,0.5,0.9154,0.2846,0.4615,2.5384,0.5385,7.8614,0.6231,0,0,1,0,1,0,1,0,0,1,0,0,0,0,0,1,0,0,1,3,918,252,13.3,3.5,6757
56,WYOMING,WY,56037,Sweetwater,56037970902,"Census Tract 9709.02, Sweetwater County, Wyoming",2.836585988154,5109,425,2023,118,1763,151,389,215,107,74,31279,2894,213,92,303,70,1624,225,529,170,200,119,1048,603,76,120,111,47,102,81,25,37,59,43,39,34,7.7,4.2,3.9,2.5,31279.0,2894.0,7.2,3.2,5.9,1.5,31.8,3.5,10.4,3.3,11.3,6.7,20.5,11.7,1.7,2.6,5.5,2.3,5.0,4.0,1.4,2.1,3.3,2.4,0.8,0.7,0.3,0.4615,0.4846,0.5538,1.7999,0.4385,0.0231,0.9615,0.2231,0.8077,2.0154,0.4923,0.7846,0.8231,1.6077,0.8846,0.6692,0.2846,0.4923,0.5308,0.4769,2.4538,0.4923,7.8768,0.6308,0,0,0,0,0,0,1,0,0,1,0,0,0,0,0,0,0,0,0,1,424,206,8.4,3.9,6683
56,WYOMING,WY,56025,Natrona,56025001401,"Census Tract 14.01, Natrona County, Wyoming",1116.55735251841,6158,439,2668,169,2403,162,711,222,262,124,30312,4564,519,129,610,99,1599,236,781,160,285,128,492,644,22,68,0,24,943,176,49,61,32,29,50,66,11.7,3.5,7.8,3.7,30312.0,4564.0,12.7,3.4,9.9,1.7,26.0,3.4,12.7,2.7,11.9,5.3,8.0,10.5,0.4,1.2,0.0,0.9,35.3,5.8,2.0,2.6,1.3,1.2,0.8,1.1,0.6231,0.8462,0.5615,0.9308,2.9616,0.8462,0.1462,0.6846,0.4692,0.8231,2.1231,0.5846,0.1538,0.4385,0.5923,0.2692,0.0,0.9385,0.6154,0.1846,0.4769,2.2154,0.3538,7.8924,0.6385,0,0,0,1,1,0,0,0,0,0,0,0,0,0,1,0,0,0,1,2,854,251,13.9,3.6,6120
56,WYOMING,WY,56007,Carbon,56007967600,"Census Tract 9676, Carbon County, Wyoming",3337.10376949877,2104,218,1108,67,657,77,322,139,4,4,25099,3101,147,64,212,46,317,95,166,61,50,33,459,291,26,47,0,17,367,78,13,16,12,16,635,101,21.9,8.3,0.5,0.5,25099.0,3101.0,9.1,3.8,10.1,2.3,15.1,4.2,11.3,3.9,7.6,5.1,21.8,13.7,1.3,2.4,0.0,1.5,33.1,6.2,2.0,2.5,1.8,2.5,30.2,3.6,0.9308,0.0231,0.8231,0.7,2.477,0.6692,0.1538,0.0923,0.2923,0.5615,1.0999,0.0692,0.8231,0.7615,1.5846,0.8615,0.0,0.9077,0.6154,0.3077,0.9923,2.8231,0.7077,7.9846,0.6462,1,0,0,0,1,0,0,0,0,0,0,0,0,0,1,0,0,1,2,3,179,76,12.2,4.6,4298
56,WYOMING,WY,56025,Natrona,56025000502,"Census Tract 5.02, Natrona County, Wyoming",0.752229785234,2720,276,1173,39,1081,67,301,153,79,56,31882,4134,121,61,382,56,655,168,439,161,133,72,299,387,17,54,169,70,174,58,0,17,41,46,11,7,11.2,5.3,5.5,3.8,31882.0,4134.0,6.8,3.3,14.0,2.6,24.1,5.7,16.1,5.6,12.3,6.7,11.0,14.2,0.6,2.1,14.4,6.0,14.8,5.1,0.0,1.6,3.8,4.2,0.4,0.3,0.5923,0.6769,0.4385,0.4923,2.2,0.5846,0.3769,0.5692,0.7692,0.8462,2.5615,0.8462,0.3615,0.5154,0.8769,0.4615,0.8769,0.6154,0.0,0.6154,0.4231,2.5308,0.5308,8.1692,0.6538,0,0,0,0,0,0,0,0,0,0,0,0,0,0,0,0,0,0,0,0,200,103,7.4,3.9,4881
56,WYOMING,WY,56025,Natrona,56025001000,"Census Tract 10, Natrona County, Wyoming",1.964030989538,4970,340,1853,79,1736,109,390,150,92,68,29361,3803,258,97,772,87,1318,220,578,143,146,86,811,482,69,77,0,17,302,100,101,74,24,16,174,86,8.2,3.0,3.7,2.7,29361.0,3803.0,7.5,2.7,15.5,1.8,26.5,4.0,12.1,2.9,8.4,4.9,16.3,9.6,1.5,1.7,0.0,0.9,16.3,5.2,5.8,4.3,1.4,0.9,3.5,1.7,0.3538,0.4077,0.6077,0.5769,1.9461,0.5077,0.5077,0.7308,0.3846,0.6308,2.2539,0.6615,0.6462,0.7769,1.4231,0.7692,0.0,0.6462,0.9308,0.2,0.8,2.577,0.5538,8.2001,0.6615,0,0,0,0,0,0,0,0,0,0,0,0,0,0,0,1,0,0,1,1,704,217,14.7,4.2,2777
56,WYOMING,WY,56021,Laramie,56021000200,"Census Tract 2, Laramie County, Wyoming",2.922798317632,4782,613,2233,144,2005,192,969,427,246,154,27328,8288,526,196,487,137,1109,406,784,298,191,116,2003,844,0,48,0,17,208,114,40,47,46,44,5,3,20.3,8.6,9.0,5.5,27328.0,8288.0,17.1,6.3,10.2,3.0,23.2,8.0,16.8,6.3,9.5,5.8,41.9,16.8,0.0,1.1,0.0,0.8,9.3,5.2,2.0,2.4,2.3,2.2,0.1,0.1,0.8923,0.9154,0.7077,0.9846,3.5,0.9692,0.1615,0.5077,0.8077,0.6923,2.1692,0.6077,0.9846,0.0,0.9846,0.5308,0.0,0.4231,0.6154,0.4077,0.2154,1.6616,0.1846,8.3154,0.6692,0,1,0,1,2,0,0,0,0,0,1,0,1,0,0,0,0,0,0,3,663,275,14.2,6.2,5288
56,WYOMING,WY,56025,Natrona,56025000800,"Census Tract 8, Natrona County, Wyoming",1.479876456128,3993,284,1776,54,1694,89,339,142,129,104,25747,2244,271,155,603,82,905,126,943,189,228,80,562,378,45,66,32,26,22,35,28,36,37,28,0,12,8.5,3.6,6.3,4.8,25747.0,2244.0,9.7,5.4,15.1,2.1,22.7,2.7,23.6,4.4,13.5,4.7,14.1,9.4,1.2,1.7,1.8,1.5,1.2,2.0,1.7,2.1,2.2,1.7,0.0,0.3,0.3769,0.7769,0.7846,0.7462,2.6846,0.7615,0.4769,0.4846,0.9923,0.8846,2.8384,0.9308,0.5538,0.7385,1.2923,0.6923,0.4538,0.1462,0.5692,0.3846,0.0,1.5538,0.1462,8.3691,0.6769,0,0,0,0,0,0,0,1,0,1,0,0,0,0,0,0,0,0,0,1,702,285,17.6,6.6,2893
56,WYOMING,WY,56043,Washakie,56043000200,"Census Tract 2, Washakie County, Wyoming",2231.946142623292,3098,180,1492,100,1326,96,295,120,87,57,30953,2980,224,77,662,85,614,111,509,132,88,54,370,256,0,48,15,17,329,74,37,34,61,50,66,39,9.7,3.7,5.6,3.6,30953.0,2980.0,9.6,3.1,21.4,2.4,19.8,3.4,16.8,4.1,6.6,4.1,11.9,8.3,0.0,1.6,1.0,1.2,22.1,4.9,2.8,2.6,4.6,3.7,2.1,1.3,0.4692,0.7077,0.5,0.7385,2.4154,0.6462,0.8231,0.2077,0.8077,0.4462,2.2847,0.6923,0.4,0.0,0.4,0.1923,0.3846,0.7692,0.7385,0.6923,0.6846,3.2692,0.8692,8.3693,0.6846,0,0,0,0,0,0,0,0,0,0,0,0,0,0,0,0,0,0,0,0,445,158,14.7,5.0,1774
56,WYOMING,WY,56037,Sweetwater,56037970500,"Census Tract 9705, Sweetwater County, Wyoming",1021.073021349242,2768,357,1432,93,1244,122,395,225,83,68,34125,5629,202,103,504,170,509,207,426,109,152,97,595,486,59,60,0,17,327,102,36,55,20,23,0,12,14.3,7.4,5.8,4.6,34125.0,5629.0,9.8,4.7,18.2,6.8,18.4,7.1,15.4,3.9,12.2,7.8,21.5,17.4,2.3,2.3,0.0,1.2,22.8,7.0,2.9,4.4,1.6,1.9,0.0,0.4,0.7308,0.7231,0.2923,0.7615,2.5077,0.6769,0.6846,0.1385,0.7231,0.8308,2.377,0.7385,0.8154,0.8769,1.6923,0.9231,0.0,0.8,0.7538,0.2462,0.0,1.8,0.2231,8.377,0.6923,0,0,0,0,0,0,0,0,0,0,0,0,0,0,0,0,0,0,0,0,404,193,14.6,6.3,5339
56,WYOMING,WY,56045,Weston,56045951300,"Census Tract 9513, Weston County, Wyoming",42.777803520896,3814,280,1935,120,1642,172,647,363,99,59,28927,4160,171,66,666,95,929,156,447,122,113,68,264,430,44,64,73,65,483,126,20,20,34,28,76,43,17.3,9.0,5.3,3.2,28927.0,4160.0,6.7,2.6,17.5,2.5,24.4,3.7,12.0,3.3,6.9,4.1,6.9,11.3,1.2,1.8,3.8,3.4,25.0,5.9,1.2,1.2,2.1,1.7,2.0,1.1,0.8308,0.6385,0.6538,0.4769,2.6,0.7231,0.6231,0.5846,0.3692,0.5,2.0769,0.5308,0.1077,0.7385,0.8462,0.4385,0.5769,0.8308,0.4385,0.3615,0.6615,2.8692,0.7308,8.3923,0.7,0,0,0,0,0,0,0,0,0,0,0,0,0,0,0,0,0,0,0,0,499,157,13.3,4.0,3643
56,WYOMING,WY,56031,Platte,56031959100,"Census Tract 9591, Platte County, Wyoming",882.684562579022,2193,283,1441,133,1020,132,442,174,49,36,29009,4817,122,61,443,98,472,159,420,88,75,54,282,398,19,51,2,12,393,72,2,12,31,20,5,5,20.3,7.2,4.8,3.5,29009.0,4817.0,7.9,3.9,20.2,4.9,21.5,6.7,19.2,4.3,7.4,5.3,12.9,18.1,0.9,2.6,0.1,0.9,27.3,4.8,0.2,1.2,3.0,1.9,0.2,0.2,0.8923,0.5923,0.6462,0.6,2.7308,0.7846,0.7692,0.3692,0.9077,0.5462,2.5923,0.8538,0.4846,0.6538,1.1384,0.6231,0.2308,0.8538,0.1462,0.4923,0.3077,2.0308,0.2923,8.4923,0.7077,0,0,0,0,0,0,0,1,0,1,0,0,0,0,0,0,0,0,0,1,212,102,9.7,4.6,1649
56,WYOMING,WY,56027,Niobrara,56027957200,"Census Tract 9572, Niobrara County, Wyoming",2626.02668137885,2448,0,1377,124,978,120,345,129,15,20,22688,3068,209,72,468,101,479,102,375,118,54,42,259,87,8,48,30,27,203,81,16,25,32,26,306,73,16.1,6.0,1.4,1.9,22688.0,3068.0,11.9,4.0,19.1,4.1,19.6,4.2,17.5,5.4,5.5,4.2,10.6,3.6,0.3,2.1,2.2,2.0,14.7,5.7,1.6,2.6,3.3,2.5,12.5,3.0,0.7769,0.1,0.9231,0.8692,2.6692,0.7462,0.7154,0.1923,0.8615,0.3,2.0692,0.5231,0.3231,0.3923,0.7154,0.3231,0.4615,0.6077,0.5538,0.5308,0.9615,3.1153,0.8154,8.5691,0.7154,0,0,1,0,1,0,0,0,0,0,0,0,0,0,0,0,0,1,1,2,339,131,15.8,6.1,2604
56,WYOMING,WY,56013,Fremont,56013940400,"Census Tract 9404, Fremont County, Wyoming",12.9820040715,5940,370,2479,103,2242,127,642,197,164,71,35849,6360,404,149,1169,122,1387,208,837,181,249,97,826,477,0,68,139,65,184,61,40,42,178,62,149,82,11.1,3.1,5.4,2.4,35849.0,6360.0,9.9,3.6,19.7,2.3,23.4,3.2,14.1,2.9,11.1,4.3,13.9,8.0,0.0,1.2,5.6,2.6,7.4,2.4,1.8,1.9,7.9,2.7,2.5,1.4,0.5615,0.6538,0.2462,0.7769,2.2384,0.6,0.7462,0.5308,0.5923,0.7923,2.6616,0.8923,0.5385,0.0,0.5385,0.2385,0.6769,0.3538,0.5846,0.8692,0.7308,3.2153,0.8308,8.6538,0.7231,0,0,0,0,0,0,0,0,0,0,0,0,0,0,0,0,0,0,0,0,478,194,8.1,3.1,6227
56,WYOMING,WY,56025,Natrona,56025000400,"Census Tract 4, Natrona County, Wyoming",1.058628363272,4716,488,1994,130,1865,157,928,387,177,153,24276,2651,238,111,548,124,1418,252,753,195,304,170,698,625,39,71,7,16,158,71,19,22,39,32,0,12,19.7,7.5,6.9,5.5,24276.0,2651.0,8.2,3.6,11.6,2.9,30.1,4.3,16.0,4.1,16.3,9.0,14.8,13.2,0.9,1.7,0.4,0.8,7.9,3.6,1.0,1.2,2.1,1.7,0.0,0.3,0.8846,0.7923,0.8538,0.6538,3.1845,0.8923,0.2615,0.9308,0.7538,0.9615,2.9076,0.9692,0.6,0.6538,1.2538,0.6769,0.2615,0.3692,0.3846,0.3615,0.0,1.3768,0.0923,8.7227,0.7308,0,0,0,0,0,0,1,0,1,2,0,0,0,0,0,0,0,0,0,2,781,342,16.6,7.0,3511
56,WYOMING,WY,56045,Weston,56045951100,"Census Tract 9511, Weston County, Wyoming",2355.226087274936,3286,280,1630,115,1420,117,524,205,18,22,29414,4034,218,77,674,98,576,146,521,138,102,57,370,430,14,47,21,25,355,98,51,56,47,52,285,102,17.5,6.5,1.2,1.4,29414.0,4034.0,8.8,3.0,20.5,3.0,17.5,4.2,17.4,4.1,7.2,4.0,11.3,13.1,0.4,1.5,1.3,1.5,21.8,5.8,3.6,4.0,3.3,3.6,8.7,3.0,0.8462,0.0846,0.5923,0.6769,2.2,0.5846,0.7846,0.1077,0.8538,0.5231,2.2692,0.6769,0.3769,0.4385,0.8154,0.4231,0.4231,0.7538,0.8077,0.5308,0.9231,3.4385,0.9154,8.7231,0.7385,0,0,0,0,0,0,0,0,0,0,0,0,0,0,0,0,0,1,1,1,399,141,13.3,4.4,1933
56,WYOMING,WY,56001,Albany,56001962800,"Census Tract 9628, Albany County, Wyoming",2.733780153022,3285,381,1680,70,1348,107,575,156,59,32,25438,2973,170,103,298,57,626,155,452,150,41,51,590,518,9,49,263,89,315,96,81,60,73,54,166,70,18.4,5.1,3.0,1.6,25438.0,2973.0,7.9,4.4,9.1,1.9,19.1,4.2,13.8,3.8,3.0,3.8,18.0,15.6,0.3,1.6,15.7,5.3,18.8,5.7,6.0,4.5,5.4,4.0,5.1,2.0,0.8615,0.3,0.8,0.6,2.5615,0.6923,0.1231,0.1769,0.5385,0.0923,0.9308,0.0462,0.6923,0.3923,1.0846,0.5923,0.9,0.7,0.9385,0.7769,0.8462,4.1616,1.0,8.7385,0.7462,0,0,0,0,0,0,0,0,0,0,0,0,0,1,0,1,0,0,2,2,473,216,14.4,5.7,2232
56,WYOMING,WY,56043,Washakie,56043000301,"Census Tract 3.01, Washakie County, Wyoming",0.769579664706,2447,184,1274,95,1103,104,278,183,51,37,24938,3015,196,78,420,78,608,107,320,83,106,71,626,242,8,48,0,17,79,57,16,24,88,56,34,47,11.6,7.5,3.7,2.6,24938.0,3015.0,12.0,4.5,17.2,3.3,24.8,4.0,13.3,3.7,9.6,6.4,25.6,9.7,0.4,2.2,0.0,1.3,6.2,4.4,1.5,2.2,8.0,4.9,1.4,1.9,0.6077,0.4077,0.8308,0.8769,2.7231,0.7769,0.6,0.6,0.5077,0.7,2.4077,0.7538,0.8692,0.4385,1.3077,0.7077,0.0,0.3385,0.5308,0.8769,0.5538,2.3,0.4077,8.7385,0.7462,0,0,0,0,0,0,0,0,0,0,0,0,0,0,0,0,0,0,0,0,408,158,16.9,6.6,2852
56,WYOMING,WY,56029,Park,56029965200,"Census Tract 9652, Park County, Wyoming",3.97865369634,6253,372,2944,247,2580,214,720,215,198,135,29112,4296,393,178,1142,225,1324,228,751,230,173,102,783,569,22,75,28,38,247,136,54,74,219,155,487,116,12.4,3.7,5.6,3.8,29112.0,4296.0,9.7,4.1,18.3,3.4,21.2,3.4,12.1,3.6,6.7,3.9,12.5,9.1,0.4,1.3,1.0,1.3,8.4,4.4,2.1,2.9,8.5,5.8,7.8,1.8,0.6615,0.7077,0.6308,0.7462,2.7462,0.8,0.6923,0.3385,0.3846,0.4769,1.8923,0.4077,0.4462,0.4385,0.8847,0.4692,0.3846,0.3846,0.6615,0.9077,0.9154,3.2538,0.8538,8.777,0.7615,0,0,0,0,0,0,0,0,0,0,0,0,0,0,0,0,1,1,2,2,1548,510,25.0,7.9,8549
56,WYOMING,WY,56001,Albany,56001963500,"Census Tract 9635, Albany County, Wyoming",0.844742527148,2415,184,321,62,283,65,375,115,188,64,7697,1500,23,21,5,7,66,26,104,44,28,19,553,243,61,55,16,16,7,9,0,17,35,22,1775,138,58.6,10.6,22.2,6.3,7697.0,1500.0,6.8,6.1,0.2,0.3,2.7,1.1,4.3,1.7,9.9,6.6,22.9,9.9,2.5,2.3,5.0,5.0,2.2,3.0,0.0,6.0,12.4,6.9,73.5,1.1,1.0,1.0,1.0,0.4923,3.4923,0.9615,0.0077,0.0,0.0154,0.7308,0.7539,0.0231,0.8462,0.9077,1.7539,0.9385,0.6231,0.2154,0.0,0.9769,1.0,2.8154,0.7,8.8155,0.7692,1,1,1,0,3,0,0,0,0,0,0,1,1,0,0,0,1,1,2,6,129,52,5.3,2.1,13730
56,WYOMING,WY,56021,Laramie,56021000300,"Census Tract 3, Laramie County, Wyoming",2.304002294782,3878,239,1479,57,1360,101,330,175,113,62,26609,3552,229,76,415,70,1205,144,506,200,152,79,1379,371,41,58,87,44,0,12,9,17,89,47,18,26,8.6,4.5,5.4,2.8,26609.0,3552.0,10.1,3.4,10.7,1.8,31.1,3.2,13.3,5.1,11.2,5.8,35.6,9.3,1.1,1.6,5.9,3.0,0.0,2.2,0.7,1.2,6.5,3.4,0.5,0.7,0.3923,0.6538,0.7538,0.7846,2.5845,0.7154,0.2077,0.9462,0.5077,0.8,2.4616,0.8,0.9538,0.7231,1.6769,0.9154,0.6846,0.0,0.2462,0.8385,0.4538,2.2231,0.3615,8.9461,0.7769,0,0,0,0,0,0,1,0,0,1,1,0,1,0,0,0,0,0,0,2,386,200,10.2,5.1,3668
56,WYOMING,WY,56009,Converse,56009956700,"Census Tract 9567, Converse County, Wyoming",10.076171847952,2855,110,1246,145,1069,133,265,137,153,67,29813,3646,171,82,439,110,771,130,646,136,117,68,205,218,5,47,151,42,165,63,50,33,34,34,0,12,9.3,4.8,10.5,4.5,29813.0,3646.0,9.0,4.4,15.4,3.7,27.0,4.4,22.6,4.7,10.9,6.3,7.2,7.7,0.2,1.8,12.1,3.1,13.2,4.9,4.7,3.1,3.2,3.2,0.0,0.4,0.4385,0.9462,0.5846,0.6846,2.6539,0.7385,0.5,0.7692,0.9692,0.7769,3.0153,0.9923,0.1385,0.3538,0.4923,0.2231,0.8462,0.5615,0.8923,0.5231,0.0,2.8231,0.7077,8.9846,0.7846,0,1,0,0,1,0,0,1,0,1,0,0,0,0,0,0,0,0,0,2,468,151,16.4,5.2,2015
56,WYOMING,WY,56007,Carbon,56007967700,"Census Tract 9677, Carbon County, Wyoming",9.884515062274,4098,283,1938,109,1642,156,432,199,102,48,31997,3669,195,90,314,84,1119,180,366,98,281,118,1164,380,38,64,319,128,416,107,21,19,57,37,60,51,10.7,4.8,4.6,2.1,31997.0,3669.0,8.1,3.7,7.7,2.1,27.3,4.0,9.1,2.5,17.1,7.1,28.4,9.1,1.0,1.7,16.5,6.6,21.5,5.4,1.3,1.2,3.5,2.2,1.5,1.2,0.5385,0.5462,0.4154,0.6385,2.1386,0.5692,0.0692,0.8077,0.1615,0.9923,2.0307,0.5077,0.9231,0.6692,1.5923,0.8769,0.9154,0.7462,0.4462,0.5692,0.5769,3.2539,0.8615,9.0155,0.7923,0,0,0,0,0,0,0,0,1,1,1,0,1,1,0,0,0,0,1,3,363,147,9.0,3.6,3813
56,WYOMING,WY,56015,Goshen,56015957900,"Census Tract 9579, Goshen County, Wyoming",34.224309466282,5107,346,2017,153,1943,158,583,214,207,115,27129,3486,225,117,1166,153,1076,163,859,206,172,90,615,476,29,73,195,85,198,94,17,28,27,21,314,254,12.1,4.2,8.6,4.5,27129.0,3486.0,6.4,3.2,22.8,2.8,21.1,2.9,17.9,4.0,8.9,4.6,12.0,9.3,0.6,1.5,9.7,4.2,9.8,4.7,0.9,1.5,1.4,1.1,6.1,5.0,0.6385,0.8846,0.7231,0.4385,2.6847,0.7692,0.8846,0.3308,0.8846,0.6692,2.7692,0.9231,0.4154,0.5154,0.9308,0.4923,0.8,0.4615,0.3538,0.2,0.8769,2.6922,0.6308,9.0769,0.8,0,0,0,0,0,0,0,0,0,0,0,0,0,0,0,0,0,0,0,0,454,198,9.4,4.0,4196
56,WYOMING,WY,56001,Albany,56001962900,"Census Tract 9629, Albany County, Wyoming",2.746646229968,1836,229,909,71,817,80,269,120,81,49,20597,2700,90,53,206,64,381,111,342,122,68,44,599,299,9,48,4,13,458,70,3,13,33,30,24,16,14.8,5.9,7.4,4.5,20597.0,2700.0,7.3,4.1,11.2,3.9,20.8,5.5,18.6,5.8,8.3,5.4,32.6,15.8,0.5,2.8,0.4,1.5,50.4,6.2,0.4,1.7,4.0,3.4,1.3,0.9,0.7462,0.8308,0.9615,0.5692,3.1077,0.8769,0.2308,0.2692,0.9,0.6231,2.0231,0.5,0.9308,0.5077,1.4385,0.7846,0.2615,0.9846,0.1923,0.6385,0.5231,2.6,0.5769,9.1693,0.8077,0,0,1,0,1,0,0,1,0,1,1,0,1,0,1,0,0,0,1,4,339,126,18.5,6.0,829
56,WYOMING,WY,56013,Fremont,56013000100,"Census Tract 1, Fremont County, Wyoming",13.154055755924,3748,336,1632,108,1406,128,395,184,57,40,26063,3015,206,97,597,79,876,182,700,179,183,87,645,471,0,48,49,55,360,93,38,33,38,25,195,67,11.2,5.1,3.2,2.3,26063.0,3015.0,8.0,3.7,15.9,2.2,23.4,4.4,19.7,4.8,13.0,6.1,17.2,12.5,0.0,1.4,3.0,3.4,22.1,5.5,2.7,2.3,2.7,1.8,5.2,1.7,0.5923,0.3462,0.7692,0.6154,2.3231,0.6077,0.5308,0.5308,0.9462,0.8692,2.877,0.9538,0.6769,0.0,0.6769,0.3,0.5154,0.7692,0.7231,0.4615,0.8538,3.323,0.8769,9.2,0.8154,0,0,0,0,0,0,0,1,0,1,0,0,0,0,0,0,0,0,0,1,760,264,21.3,6.9,4384
56,WYOMING,WY,56021,Laramie,56021001502,"Census Tract 15.02, Laramie County, Wyoming",1.841967931054,4809,390,2576,132,2208,163,984,414,208,120,26544,4316,141,84,862,127,1204,283,916,226,215,105,695,608,0,48,311,128,365,108,24,39,159,96,6,14,20.5,8.3,10.9,6.0,26544.0,4316.0,4.1,2.4,17.9,3.0,25.0,5.5,19.6,5.1,9.7,4.7,14.5,12.6,0.0,1.1,12.1,4.9,14.2,4.2,1.1,1.8,7.2,4.3,0.1,0.3,0.9077,0.9615,0.7615,0.1846,2.8153,0.8154,0.6615,0.6308,0.9308,0.7154,2.9385,0.9769,0.5846,0.0,0.5846,0.2538,0.8462,0.5923,0.4077,0.8462,0.2154,2.9078,0.7615,9.2462,0.8231,1,1,0,0,2,0,0,1,0,1,0,0,0,0,0,0,0,0,0,3,568,204,12.2,4.1,2912
56,WYOMING,WY,56003,Big Horn,56003962800,"Census Tract 9628, Big Horn County, Wyoming",720.992653505034,5372,306,2447,60,2031,104,761,263,173,87,24804,1934,365,96,1111,105,1482,182,766,120,134,54,686,414,37,77,0,24,402,92,59,43,36,25,76,61,14.6,4.8,7.1,3.4,24804.0,1934.0,10.3,2.6,20.7,1.9,27.6,3.0,14.5,2.1,6.6,2.7,12.8,7.7,0.7,1.5,0.0,1.0,16.4,3.8,2.9,2.1,1.8,1.2,1.4,1.1,0.7385,0.8077,0.8385,0.8154,3.2001,0.9154,0.8,0.8308,0.6615,0.4462,2.7385,0.9154,0.4692,0.5769,1.0461,0.5615,0.0,0.6538,0.7538,0.3077,0.5538,2.2691,0.3769,9.2538,0.8308,0,0,0,0,0,0,0,0,0,0,0,0,0,0,0,0,0,0,0,0,780,208,14.7,3.7,5964
56,WYOMING,WY,56043,Washakie,56043000302,"Census Tract 3.02, Washakie County, Wyoming",5.957249997726,2584,192,1102,76,993,104,411,183,115,72,25961,4001,170,79,604,104,720,110,354,129,47,30,467,259,17,48,28,35,47,40,7,15,23,28,66,79,16.3,7.0,9.9,6.0,25961.0,4001.0,10.1,4.7,23.4,3.9,27.9,3.7,14.0,5.0,4.7,3.0,18.1,9.9,0.7,2.0,2.5,3.2,4.3,3.6,0.7,1.6,2.3,2.8,2.6,3.1,0.7923,0.9385,0.7769,0.7846,3.2923,0.9308,0.9154,0.8385,0.5769,0.2077,2.5385,0.8385,0.7,0.5769,1.2769,0.6846,0.4923,0.2538,0.2462,0.4077,0.7462,2.1462,0.3308,9.2539,0.8385,0,1,0,0,1,1,0,0,0,1,0,0,0,0,0,0,0,0,0,2,370,143,14.7,5.3,3233
56,WYOMING,WY,56005,Campbell,56005000600,"Census Tract 6, Campbell County, Wyoming",7.945293056746,5243,605,2468,175,2065,219,494,271,286,147,29030,6641,350,170,657,166,1317,363,676,213,292,164,499,819,0,68,551,186,659,188,27,44,176,112,194,100,9.7,5.4,9.3,4.3,29030.0,6641.0,10.8,4.8,12.5,3.3,25.1,6.3,13.3,4.1,14.1,7.8,9.5,15.6,0.0,1.4,22.3,7.4,26.7,8.0,1.3,2.1,8.5,5.2,3.7,1.9,0.4692,0.9231,0.6385,0.8462,2.877,0.8231,0.3,0.6462,0.5077,0.9154,2.3693,0.7308,0.2769,0.0,0.2769,0.1692,0.9615,0.8385,0.4462,0.9077,0.8077,3.9616,0.9615,9.4848,0.8462,0,1,0,0,1,0,0,0,1,1,0,0,0,1,0,0,1,0,2,4,324,185,6.4,3.5,8888
56,WYOMING,WY,56013,Fremont,56013940500,"Census Tract 9405, Fremont County, Wyoming",0.874664659944,2592,208,1322,85,1101,91,392,150,121,62,23853,2218,142,64,376,55,680,97,368,76,65,38,898,293,10,48,124,43,21,23,32,29,71,36,5,4,15.2,5.8,8.6,4.1,23853.0,2218.0,8.6,3.7,14.5,2.2,26.2,3.1,14.2,2.7,5.9,3.4,34.6,11.0,0.4,2.0,9.4,3.3,1.6,1.7,2.9,2.6,6.4,3.3,0.2,0.2,0.7615,0.8846,0.8769,0.6692,3.1922,0.9077,0.4308,0.7077,0.6,0.3615,2.1,0.5692,0.9462,0.4385,1.3847,0.7538,0.7769,0.2,0.7538,0.8308,0.3077,2.8692,0.7308,9.5461,0.8538,0,0,0,0,0,0,0,0,0,0,1,0,1,0,0,0,0,0,0,1,480,125,18.5,4.7,3893
56,WYOMING,WY,56025,Natrona,56025000300,"Census Tract 3, Natrona County, Wyoming",1.10783667707,4332,349,2234,111,2037,139,435,125,175,101,28582,3536,202,79,720,93,917,196,821,161,123,64,943,461,30,64,330,106,14,16,78,88,176,66,124,71,10.4,3.0,7.2,4.0,28582.0,3536.0,6.8,2.5,16.6,2.5,21.2,4.2,19.3,3.7,6.0,3.1,21.8,10.5,0.7,1.6,14.8,4.7,0.6,0.7,3.8,4.4,8.6,3.1,2.9,1.6,0.5077,0.8231,0.6846,0.4923,2.5077,0.6769,0.5769,0.3385,0.9154,0.3769,2.2077,0.6385,0.8231,0.5769,1.4,0.7615,0.8846,0.1077,0.8462,0.9231,0.7615,3.5231,0.9462,9.6385,0.8615,0,0,0,0,0,0,0,1,0,1,0,0,0,0,0,0,1,0,1,2,625,193,14.7,4.3,5736
56,WYOMING,WY,56037,Sweetwater,56037970800,"Census Tract 9708, Sweetwater County, Wyoming",53.129817834606,3996,553,2516,143,1645,191,821,377,217,140,28879,4606,510,215,374,117,833,232,556,175,127,78,1063,733,9,48,172,101,765,201,27,42,133,100,13,21,20.5,8.7,8.9,5.7,28879.0,4606.0,19.9,6.9,9.4,3.2,20.8,5.0,13.9,4.4,7.7,4.7,26.6,18.0,0.2,1.3,6.8,4.0,30.4,7.7,1.6,2.6,8.1,6.0,0.3,0.5,0.9077,0.9077,0.6615,0.9923,3.4692,0.9538,0.1308,0.2692,0.5538,0.5692,1.523,0.1769,0.8846,0.3538,1.2384,0.6615,0.7154,0.8769,0.5538,0.8846,0.3846,3.4153,0.9077,9.6459,0.8692,1,1,0,1,3,0,0,0,0,0,0,0,0,0,0,0,0,0,0,3,605,289,15.1,6.7,3965
56,WYOMING,WY,56037,Sweetwater,56037970700,"Census Tract 9707, Sweetwater County, Wyoming",1023.467027495142,4235,377,1482,118,1377,118,753,351,121,58,30456,4064,180,104,645,148,1143,148,774,216,74,53,851,530,92,143,146,79,135,71,65,65,31,27,59,70,18.1,7.7,6.1,2.9,30456.0,4064.0,6.5,3.4,15.2,3.2,27.0,2.5,18.5,5.0,5.4,3.9,20.1,12.4,2.3,3.6,9.9,5.3,9.1,4.7,4.7,4.7,2.3,2.0,1.4,1.6,0.8538,0.7385,0.5308,0.4538,2.5769,0.7077,0.4846,0.7692,0.8923,0.2615,2.4076,0.7462,0.7692,0.8769,1.6461,0.9,0.8077,0.4077,0.8923,0.4077,0.5538,3.0692,0.8,9.6998,0.8769,0,0,0,0,0,0,0,0,0,0,0,0,0,0,0,0,0,0,0,0,430,233,10.3,5.1,3136
56,WYOMING,WY,56021,Laramie,56021000401,"Census Tract 4.01, Laramie County, Wyoming",5.79678870924,5028,400,2073,96,1856,112,812,243,150,79,25185,2710,407,139,628,82,1056,187,815,182,198,83,1341,526,145,113,0,24,1227,125,113,72,35,22,9,17,16.2,5.0,5.5,2.7,25185.0,2710.0,12.0,4.0,12.5,1.7,21.0,3.3,16.4,3.5,10.7,4.4,26.7,10.2,3.1,2.4,0.0,1.2,59.2,5.0,6.1,3.9,1.9,1.2,0.2,0.3,0.7846,0.6769,0.8154,0.8769,3.1538,0.8846,0.3,0.3154,0.7923,0.7615,2.1692,0.6077,0.8923,0.9308,1.8231,0.9615,0.0,1.0,0.9462,0.3231,0.3077,2.577,0.5538,9.7231,0.8846,0,0,0,0,0,0,0,0,0,0,0,1,1,0,1,1,0,0,2,3,664,236,13.3,4.6,1923
56,WYOMING,WY,56003,Big Horn,56003962700,"Census Tract 9627, Big Horn County, Wyoming",894.563613005446,3387,261,1624,46,1312,79,376,148,77,39,23414,2317,209,67,614,73,955,164,508,121,122,51,540,360,50,57,16,20,202,60,37,33,47,31,11,22,11.1,4.2,4.8,2.3,23414.0,2317.0,9.4,3.0,18.1,2.1,28.2,4.3,15.0,3.3,9.3,3.9,15.9,10.6,1.6,1.8,1.0,1.2,12.4,3.8,2.8,2.5,3.6,2.4,0.3,0.6,0.5615,0.5923,0.8923,0.7308,2.7769,0.8077,0.6692,0.8615,0.6846,0.6846,2.8999,0.9615,0.6308,0.8077,1.4385,0.7846,0.3846,0.5385,0.7385,0.5846,0.3846,2.6308,0.5923,9.7461,0.8923,0,0,0,0,0,0,0,0,0,0,0,0,0,0,0,0,0,0,0,0,503,150,14.9,4.4,3216
56,WYOMING,WY,56021,Laramie,56021000700,"Census Tract 7, Laramie County, Wyoming",2.112035469198,3981,355,2341,121,1973,182,840,358,177,111,24015,3687,412,184,453,119,549,67,838,164,113,72,785,497,55,68,350,153,31,30,0,17,442,137,390,126,23.0,9.6,8.3,5.0,24015.0,3687.0,13.9,6.4,11.4,3.0,13.8,1.1,23.2,5.0,5.7,3.6,19.7,12.4,1.5,1.8,15.0,6.5,1.3,1.3,0.0,0.9,22.4,7.0,9.8,3.0,0.9615,0.8692,0.8692,0.9615,3.6614,0.9923,0.2385,0.0385,0.9769,0.3385,1.5924,0.2154,0.7615,0.7769,1.5384,0.8538,0.8923,0.1692,0.0,1.0,0.9385,3.0,0.7846,9.7922,0.9,1,0,0,1,2,0,0,1,0,1,0,0,0,0,0,0,1,1,2,5,437,182,12.1,4.9,16700
56,WYOMING,WY,56041,Uinta,56041975300,"Census Tract 9753, Uinta County, Wyoming",890.373151473946,7720,440,3289,194,2759,240,1035,431,183,156,26670,2690,286,113,917,138,2316,284,1476,377,281,140,1106,632,73,95,231,133,800,233,70,75,107,77,164,95,13.6,5.7,5.0,4.3,26670.0,2690.0,5.9,2.2,11.9,1.9,30.0,3.3,19.4,5.0,10.2,5.0,14.3,8.1,1.0,1.3,7.0,4.0,24.3,6.9,2.5,2.7,3.9,2.7,2.1,1.2,0.7,0.6154,0.7462,0.3692,2.4308,0.6538,0.2769,0.9077,0.9231,0.7385,2.8462,0.9385,0.5769,0.6692,1.2461,0.6692,0.7231,0.8154,0.7154,0.6231,0.6846,3.5616,0.9538,10.0847,0.9077,0,0,0,0,0,0,1,1,0,2,0,0,0,0,0,0,0,0,0,2,644,269,8.5,3.5,5960
56,WYOMING,WY,56013,Fremont,56013940202,"Census Tract 9402.02, Fremont County, Wyoming",460.047273568716,4988,276,1670,65,1416,67,1171,262,246,55,18048,1323,256,55,509,67,1754,173,587,99,231,53,3360,314,0,48,0,17,560,67,181,40,66,23,14,28,23.6,4.8,12.0,2.5,18048.0,1323.0,9.1,1.9,10.2,1.4,35.2,2.9,11.8,1.9,16.3,3.7,67.4,5.1,0.0,1.1,0.0,1.0,33.5,3.8,12.8,2.8,4.7,1.6,0.3,0.6,0.9692,0.9692,0.9846,0.7,3.623,0.9846,0.1615,1.0,0.3385,0.9615,2.4615,0.7923,0.9923,0.0,0.9923,0.5385,0.0,0.9231,1.0,0.7154,0.3846,3.0231,0.7923,10.0999,0.9154,1,1,1,0,3,0,1,0,1,2,1,0,1,0,1,1,0,0,2,8,1574,249,31.6,4.3,2862
56,WYOMING,WY,56037,Sweetwater,56037970903,"Census Tract 9709.03, Sweetwater County, Wyoming",4.740505915618,3074,423,1237,111,907,112,460,235,79,55,38303,9746,183,96,239,60,807,211,379,127,117,64,858,542,78,85,387,114,338,73,45,59,17,24,275,92,16.4,7.4,5.2,3.5,38303.0,9746.0,10.2,5.2,7.8,2.2,26.3,5.8,12.3,3.8,12.9,6.9,27.9,17.2,2.8,3.0,31.3,8.8,27.3,5.6,5.0,6.5,1.9,2.6,8.9,2.7,0.8,0.6231,0.1615,0.8,2.3846,0.6385,0.0769,0.7231,0.4308,0.8615,2.0923,0.5538,0.9,0.9231,1.8231,0.9615,0.9923,0.8538,0.9077,0.3231,0.9308,4.0077,0.9769,10.3077,0.9231,0,0,0,0,0,0,0,0,0,0,1,1,2,1,0,1,0,1,3,5,461,200,15.0,5.8,6019
56,WYOMING,WY,56025,Natrona,56025001200,"Census Tract 12, Natrona County, Wyoming",4.999850629018,2296,267,1022,85,890,95,282,103,115,74,21752,2410,224,77,344,88,471,86,352,90,120,46,360,361,36,68,7,15,568,72,10,20,13,12,263,77,14.0,5.2,10.8,6.6,21752.0,2410.0,13.7,4.4,15.0,4.1,20.5,2.9,17.3,4.7,13.5,5.0,15.7,15.6,1.6,3.0,0.7,1.5,55.6,5.5,1.1,2.2,1.5,1.4,11.5,3.1,0.7231,0.9538,0.9385,0.9538,3.5692,0.9769,0.4615,0.2538,0.8385,0.8846,2.4384,0.7692,0.6154,0.8077,1.4231,0.7692,0.3308,0.9923,0.4077,0.2231,0.9538,2.9077,0.7538,10.3384,0.9308,0,1,1,1,3,0,0,0,0,0,0,0,0,0,1,0,0,1,2,5,452,139,22.2,6.5,6871
56,WYOMING,WY,56007,Carbon,56007967800,"Census Tract 9678, Carbon County, Wyoming",10.795779875206,4346,260,2055,113,1839,143,657,305,91,64,28583,2710,444,145,611,99,1160,146,511,125,233,114,1613,380,272,139,65,72,195,83,131,89,85,43,56,53,15.3,7.0,4.2,2.9,28583.0,2710.0,15.1,5.0,14.1,2.3,26.7,3.0,11.9,2.7,12.7,6.1,37.1,8.5,6.9,3.5,3.2,3.5,9.5,4.1,7.1,4.8,4.6,2.4,1.3,1.2,0.7692,0.5154,0.6769,0.9692,2.9307,0.8385,0.3923,0.7538,0.3462,0.8538,2.3461,0.7154,0.9615,1.0,1.9615,1.0,0.5385,0.4385,0.9692,0.6923,0.5231,3.1616,0.8231,10.3999,0.9385,0,0,0,1,1,0,0,0,0,0,1,1,2,0,0,1,0,0,1,4,533,183,12.4,4.2,2475
56,WYOMING,WY,56025,Natrona,56025001100,"Census Tract 11, Natrona County, Wyoming",3.171367310314,2720,252,1322,122,1179,112,353,166,76,49,27633,5110,227,97,436,148,698,201,627,192,154,66,354,383,59,70,0,17,538,127,46,44,88,61,5,14,13.3,5.8,6.2,3.9,27633.0,5110.0,12.5,5.2,16.0,5.7,25.7,7.0,23.5,7.2,13.1,5.5,13.0,14.0,2.3,2.7,0.0,1.3,40.7,8.6,3.9,3.8,7.5,4.9,0.2,0.5,0.6846,0.7538,0.6923,0.9077,3.0384,0.8538,0.5462,0.6692,0.9846,0.8769,3.0769,1.0,0.4923,0.8769,1.3692,0.7385,0.0,0.9615,0.8538,0.8538,0.3077,2.9768,0.7769,10.4613,0.9462,0,0,0,1,1,0,0,1,0,1,0,0,0,0,1,0,0,0,1,3,694,255,26.0,8.5,2170
56,WYOMING,WY,56041,Uinta,56041975400,"Census Tract 9754, Uinta County, Wyoming",50.954888280118,6469,475,3039,180,2643,227,1106,429,267,128,24114,2533,469,149,836,152,1765,240,1137,232,145,103,1060,646,60,85,274,147,606,154,62,65,124,67,99,30,17.3,6.4,8.0,3.7,24114.0,2533.0,11.6,3.6,12.9,2.4,27.3,3.1,17.8,3.3,5.5,3.9,16.4,9.9,1.0,1.4,9.0,4.8,19.9,4.6,2.3,2.5,4.7,2.5,1.5,0.5,0.8308,0.8538,0.8615,0.8615,3.4076,0.9385,0.3385,0.8077,0.8769,0.3,2.3231,0.7077,0.6538,0.6692,1.323,0.7308,0.7615,0.7154,0.6846,0.7154,0.5769,3.4538,0.9231,10.5075,0.9538,0,0,0,0,0,0,0,0,0,0,0,0,0,0,0,0,0,0,0,0,1296,335,20.3,5.0,8499
56,WYOMING,WY,56037,Sweetwater,56037970601,"Census Tract 9706.01, Sweetwater County, Wyoming",34.328470519434,4110,454,1834,149,1422,140,766,318,111,66,25470,2734,313,158,351,90,1148,208,441,121,233,110,1360,583,153,137,44,39,741,168,13,22,80,53,123,49,19.3,8.6,5.5,3.2,25470.0,2734.0,12.5,5.7,8.5,2.3,27.9,4.0,11.1,3.2,16.4,7.6,33.1,13.7,4.2,3.7,2.4,2.2,40.4,7.6,0.9,1.6,5.6,3.7,3.0,1.1,0.8769,0.6769,0.7923,0.9077,3.2538,0.9231,0.0923,0.8385,0.2846,0.9769,2.1923,0.6308,0.9385,0.9769,1.9154,0.9846,0.4846,0.9538,0.3538,0.8,0.7692,3.3614,0.9,10.7229,0.9615,0,0,0,1,1,0,0,0,1,1,1,1,2,0,1,0,0,0,1,5,913,381,22.9,8.1,4035
56,WYOMING,WY,56013,Fremont,56013940100,"Census Tract 9401, Fremont County, Wyoming",1890.356059184256,3903,260,1381,78,1100,80,871,137,226,51,18228,1256,278,54,525,69,1353,137,585,67,173,38,3306,279,4,46,0,17,310,49,136,33,50,17,47,37,22.8,3.4,15.2,3.0,18228.0,1256.0,12.8,2.2,13.5,1.9,34.7,2.6,15.1,1.6,15.7,3.3,84.7,4.4,0.1,1.3,0.0,1.2,22.4,3.0,12.4,2.9,4.5,1.6,1.2,0.9,0.9538,0.9923,0.9769,0.9385,3.8615,1.0,0.3538,0.9923,0.6923,0.9538,2.9922,0.9846,1.0,0.3154,1.3154,0.7231,0.0,0.7846,0.9923,0.6846,0.5,2.9615,0.7692,11.1306,0.9692,1,1,1,1,4,0,1,0,1,2,1,0,1,0,0,1,0,0,1,8,1339,176,34.6,3.6,4031
56,WYOMING,WY,56013,Fremont,56013940300,"Census Tract 9403, Fremont County, Wyoming",15.215910320386,5316,390,2234,97,1954,114,842,367,89,63,22143,2378,443,144,717,105,1331,240,852,169,226,99,1484,508,38,85,32,38,839,117,128,76,93,67,349,110,17.1,6.9,3.5,2.4,22143.0,2378.0,13.0,4.0,13.5,2.3,25.0,4.1,17.1,3.4,11.6,5.1,27.9,9.4,0.8,1.8,1.4,1.7,37.6,4.8,6.6,3.9,4.8,3.4,6.6,2.0,0.8231,0.3846,0.9308,0.9462,3.0847,0.8692,0.3538,0.6308,0.8308,0.8154,2.6308,0.8692,0.9,0.6231,1.5231,0.8385,0.4385,0.9462,0.9615,0.7385,0.8923,3.977,0.9692,11.2156,0.9769,0,0,1,1,2,0,0,0,0,0,1,0,1,0,1,1,0,0,2,5,1009,343,20.3,6.7,4323
56,WYOMING,WY,56005,Campbell,56005000300,"Census Tract 3, Campbell County, Wyoming",9.637975421704,5817,605,2248,152,2076,188,1268,523,93,85,23523,3798,598,267,524,94,1602,310,1138,437,341,164,1416,838,174,226,146,100,647,164,129,98,240,183,0,17,21.9,9.2,3.6,3.3,23523.0,3798.0,17.0,7.0,9.0,1.7,27.5,4.5,19.6,7.1,16.4,7.8,24.3,14.2,3.2,4.1,6.5,4.5,28.8,7.7,6.2,4.7,11.6,8.4,0.0,0.3,0.9308,0.3923,0.8846,0.9769,3.1846,0.9,0.1154,0.8231,0.9308,0.9769,2.8462,0.9385,0.8538,0.9385,1.7923,0.9538,0.7,0.8692,0.9538,0.9538,0.0,3.4768,0.9385,11.2999,0.9846,1,0,0,1,2,0,0,1,1,2,0,1,1,0,0,1,1,0,2,7,747,282,12.8,4.8,7389
56,WYOMING,WY,56025,Natrona,56025000200,"Census Tract 2, Natrona County, Wyoming",1.887875844956,3946,479,2273,155,2075,169,869,350,80,77,21303,2621,284,142,556,142,726,307,1082,296,309,187,970,637,103,111,480,157,374,159,55,84,325,145,147,125,22.5,8.3,3.9,3.8,21303.0,2621.0,9.2,4.6,14.1,4.2,18.4,7.5,27.5,8.2,14.9,9.0,24.6,15.9,2.7,2.9,21.1,6.8,16.5,6.8,2.7,4.1,15.7,7.0,3.7,3.1,0.9462,0.4615,0.9462,0.7154,3.0693,0.8615,0.3923,0.1385,1.0,0.9385,2.4693,0.8077,0.8615,0.9154,1.7769,0.9462,0.9462,0.6615,0.7231,0.9923,0.8077,4.1308,0.9923,11.4463,0.9923,1,0,1,0,2,0,0,1,1,2,0,1,1,1,0,0,1,0,2,7,855,407,21.7,9.0,9576
56,WYOMING,WY,56021,Laramie,56021000402,"Census Tract 4.02, Laramie County, Wyoming",4.458784660808,6612,504,2727,166,2566,184,1048,493,172,84,20215,2861,832,236,590,101,1754,305,912,246,557,185,2746,641,243,179,333,143,1305,194,61,61,107,84,306,94,16.6,7.6,5.3,2.6,20215.0,2861.0,21.6,5.7,8.9,1.7,26.5,4.1,14.2,4.0,21.7,7.1,41.5,9.2,3.9,2.9,12.2,5.2,47.9,7.5,2.4,2.4,4.2,3.3,4.6,1.4,0.8077,0.6385,0.9692,1.0,3.4154,0.9462,0.1077,0.7308,0.6,1.0,2.4385,0.7769,0.9769,0.9538,1.9307,0.9923,0.8615,0.9769,0.7,0.6615,0.8385,4.0384,0.9846,11.823,1.0,0,0,1,1,2,0,0,0,1,1,1,1,2,0,1,0,0,0,1,6,904,326,14.1,4.8,7055
